Time,Port,ListenerID,NetworkID,Line,Error
1781131272.864008,COM5,1,1,"dwm> POS,0,4CAD,nan,nan,nan,0,x08",Could not parse tag position line.
1781131272.868895,COM5,1,1,"POS,0,4CAD,nan,nan,nan,0,x08",Could not parse tag position line.
1781131272.8722162,COM5,1,1,"POS,0,4CAD,nan,nan,nan,0,x08",Could not parse tag position line.
1781131272.8779001,COM5,1,1,"POS,0,4CAD,nan,nan,nan,0,x08",Could not parse tag position line.
1781131272.883014,COM5,1,1,"POS,0,4CAD,nan,nan,nan,0,x08",Could not parse tag position line.
1781131272.8912551,COM5,1,1,"POS,0,4CAD,nan,nan,nan,0,x08",Could not parse tag position line.
1781131272.9184132,COM5,1,1,"POS,0,4CAD,nan,nan,nan,0,x08",Could not parse tag position line.
1781131272.9305084,COM5,1,1,"POS,0,4CAD,nan,nan,nan,0,x08",Could not parse tag position line.
1781131273.0002801,COM5,1,1,"POS,0,4CAD,nan,nan,nan,0,x08",Could not parse tag position line.
1781131273.091813,COM5,1,1,"POS,0,4CAD,nan,nan,nan,0,x08",Could not parse tag position line.
1781131273.192058,COM5,1,1,"POS,0,4CAD,nan,nan,nan,0,x08",Could not parse tag position line.
1781131273.2913334,COM5,1,1,"POS,0,4CAD,nan,nan,nan,0,x08",Could not parse tag position line.
1781131273.391524,COM5,1,1,"POS,0,4CAD,nan,nan,nan,0,x08",Could not parse tag position line.
1781131273.4912796,COM5,1,1,"POS,0,4CAD,nan,nan,nan,0,x08",Could not parse tag position line.
1781131273.5913227,COM5,1,1,"POS,0,4CAD,nan,nan,nan,0,x08",Could not parse tag position line.
1781131273.6909885,COM5,1,1,"POS,0,4CAD,nan,nan,nan,0,x08",Could not parse tag position line.
1781131273.791201,COM5,1,1,"POS,0,4CAD,nan,nan,nan,0,x08",Could not parse tag position line.
1781131273.892057,COM5,1,1,"POS,0,4CAD,nan,nan,nan,0,x08",Could not parse tag position line.
1781131273.9912527,COM5,1,1,"POS,0,4CAD,nan,nan,nan,0,x08",Could not parse tag position line.
1781131274.0917375,COM5,1,1,"POS,0,4CAD,nan,nan,nan,0,x08",Could not parse tag position line.
1781131274.191575,COM5,1,1,"POS,0,4CAD,nan,nan,nan,0,x08",Could not parse tag position line.
1781131274.2911298,COM5,1,1,"POS,0,4CAD,nan,nan,nan,0,x08",Could not parse tag position line.
1781131274.390518,COM5,1,1,"POS,0,4CAD,nan,nan,nan,0,x08",Could not parse tag position line.
1781131274.4912305,COM5,1,1,"POS,0,4CAD,nan,nan,nan,0,x08",Could not parse tag position line.
1781131274.591165,COM5,1,1,"POS,0,4CAD,nan,nan,nan,0,x08",Could not parse tag position line.
1781131274.6915758,COM5,1,1,"POS,0,4CAD,nan,nan,nan,0,x08",Could not parse tag position line.
1781131274.7918937,COM5,1,1,"POS,0,4CAD,nan,nan,nan,0,x08",Could not parse tag position line.
1781131274.8910556,COM5,1,1,"POS,0,4CAD,nan,nan,nan,0,x08",Could not parse tag position line.
1781131274.9907103,COM5,1,1,"POS,0,4CAD,nan,nan,nan,0,x08",Could not parse tag position line.
1781131275.0904558,COM5,1,1,"POS,0,4CAD,nan,nan,nan,0,x08",Could not parse tag position line.
1781131275.1920507,COM5,1,1,"POS,0,4CAD,nan,nan,nan,0,x08",Could not parse tag position line.
1781131275.2907326,COM5,1,1,"POS,0,4CAD,nan,nan,nan,0,x08",Could not parse tag position line.
1781131275.3907568,COM5,1,1,"POS,0,4CAD,nan,nan,nan,0,x08",Could not parse tag position line.
1781131275.491194,COM5,1,1,"POS,0,4CAD,nan,nan,nan,0,x08",Could not parse tag position line.
1781131275.5909002,COM5,1,1,"POS,0,4CAD,nan,nan,nan,0,x08",Could not parse tag position line.
1781131275.6914525,COM5,1,1,"POS,0,4CAD,nan,nan,nan,0,x08",Could not parse tag position line.
1781131275.7909954,COM5,1,1,"POS,0,4CAD,nan,nan,nan,0,x08",Could not parse tag position line.
1781131275.8909864,COM5,1,1,"POS,0,4CAD,nan,nan,nan,0,x08",Could not parse tag position line.
1781131275.990714,COM5,1,1,"POS,0,4CAD,nan,nan,nan,0,x08",Could not parse tag position line.
1781131276.0911088,COM5,1,1,"POS,0,4CAD,nan,nan,nan,0,x08",Could not parse tag position line.
1781131276.191955,COM5,1,1,"POS,0,4CAD,nan,nan,nan,0,x08",Could not parse tag position line.
1781131276.2920797,COM5,1,1,"POS,0,4CAD,nan,nan,nan,0,x08",Could not parse tag position line.
1781131276.3909466,COM5,1,1,"POS,0,4CAD,nan,nan,nan,0,x08",Could not parse tag position line.
1781131276.4920502,COM5,1,1,"POS,0,4CAD,nan,nan,nan,0,x08",Could not parse tag position line.
1781131276.591264,COM5,1,1,"POS,0,4CAD,nan,nan,nan,0,x08",Could not parse tag position line.
1781131276.6923652,COM5,1,1,"POS,0,4CAD,nan,nan,nan,0,x08",Could not parse tag position line.
1781131276.7917373,COM5,1,1,"POS,0,4CAD,nan,nan,nan,0,x08",Could not parse tag position line.
1781131276.8919783,COM5,1,1,"POS,0,4CAD,nan,nan,nan,0,x08",Could not parse tag position line.
1781131276.9907625,COM5,1,1,"POS,0,4CAD,nan,nan,nan,0,x08",Could not parse tag position line.
1781131277.0908241,COM5,1,1,"POS,0,4CAD,nan,nan,nan,0,x08",Could not parse tag position line.
1781131277.1906,COM5,1,1,"POS,0,4CAD,nan,nan,nan,0,x08",Could not parse tag position line.
1781131277.29078,COM5,1,1,"POS,0,4CAD,nan,nan,nan,0,x08",Could not parse tag position line.
1781131277.3907645,COM5,1,1,"POS,0,4CAD,nan,nan,nan,0,x08",Could not parse tag position line.
1781131277.4913042,COM5,1,1,"POS,0,4CAD,nan,nan,nan,0,x08",Could not parse tag position line.
1781131277.5914693,COM5,1,1,"POS,0,4CAD,nan,nan,nan,0,x08",Could not parse tag position line.
1781131277.6906507,COM5,1,1,"POS,0,4CAD,nan,nan,nan,0,x08",Could not parse tag position line.
1781131277.791567,COM5,1,1,"POS,0,4CAD,nan,nan,nan,0,x08",Could not parse tag position line.
1781131277.8910425,COM5,1,1,"POS,0,4CAD,nan,nan,nan,0,x08",Could not parse tag position line.
1781131277.9912803,COM5,1,1,"POS,0,4CAD,nan,nan,nan,0,x08",Could not parse tag position line.
1781131278.0913658,COM5,1,1,"POS,0,4CAD,nan,nan,nan,0,x08",Could not parse tag position line.
1781131278.191421,COM5,1,1,"POS,0,4CAD,nan,nan,nan,0,x08",Could not parse tag position line.
1781131278.2922618,COM5,1,1,"POS,0,4CAD,nan,nan,nan,0,x08",Could not parse tag position line.
1781131278.4936273,COM5,1,1,"POS,0,4CAD,nan,nan,nan,0,x08",Could not parse tag position line.
1781131278.5906136,COM5,1,1,"POS,0,4CAD,nan,nan,nan,0,x08",Could not parse tag position line.
1781131278.6905234,COM5,1,1,"POS,0,4CAD,nan,nan,nan,0,x08",Could not parse tag position line.
1781131278.7910764,COM5,1,1,"POS,0,4CAD,nan,nan,nan,0,x08",Could not parse tag position line.
1781131278.8905976,COM5,1,1,"POS,0,4CAD,nan,nan,nan,0,x08",Could not parse tag position line.
1781131278.9909995,COM5,1,1,"POS,0,4CAD,nan,nan,nan,0,x08",Could not parse tag position line.
1781131279.0907147,COM5,1,1,"POS,0,4CAD,nan,nan,nan,0,x08",Could not parse tag position line.
1781131279.1905677,COM5,1,1,"POS,0,4CAD,nan,nan,nan,0,x08",Could not parse tag position line.
1781131279.2913308,COM5,1,1,"POS,0,4CAD,nan,nan,nan,0,x08",Could not parse tag position line.
1781131279.3907387,COM5,1,1,"POS,0,4CAD,nan,nan,nan,0,x08",Could not parse tag position line.
1781131279.4920835,COM5,1,1,"POS,0,4CAD,nan,nan,nan,0,x08",Could not parse tag position line.
1781131279.5912395,COM5,1,1,"POS,0,4CAD,nan,nan,nan,0,x08",Could not parse tag position line.
1781131279.6908648,COM5,1,1,"POS,0,4CAD,nan,nan,nan,0,x08",Could not parse tag position line.
1781131279.7911603,COM5,1,1,"POS,0,4CAD,nan,nan,nan,0,x08",Could not parse tag position line.
1781131279.8915398,COM5,1,1,"POS,0,4CAD,nan,nan,nan,0,x08",Could not parse tag position line.
1781131279.9915583,COM5,1,1,"POS,0,4CAD,nan,nan,nan,0,x08",Could not parse tag position line.
1781131280.090496,COM5,1,1,"POS,0,4CAD,nan,nan,nan,0,x08",Could not parse tag position line.
1781131280.191155,COM5,1,1,"POS,0,4CAD,nan,nan,nan,0,x08",Could not parse tag position line.
1781131280.2916338,COM5,1,1,"POS,0,4CAD,nan,nan,nan,0,x08",Could not parse tag position line.
1781131280.3917353,COM5,1,1,"POS,0,4CAD,nan,nan,nan,0,x08",Could not parse tag position line.
1781131280.490596,COM5,1,1,"POS,0,4CAD,nan,nan,nan,0,x08",Could not parse tag position line.
1781131280.5904305,COM5,1,1,"POS,0,4CAD,nan,nan,nan,0,x08",Could not parse tag position line.
1781131280.6915255,COM5,1,1,"POS,0,4CAD,nan,nan,nan,0,x08",Could not parse tag position line.
1781131280.7921114,COM5,1,1,"POS,0,4CAD,nan,nan,nan,0,x08",Could not parse tag position line.
1781131280.891479,COM5,1,1,"POS,0,4CAD,nan,nan,nan,0,x08",Could not parse tag position line.
1781131280.9918,COM5,1,1,"POS,0,4CAD,nan,nan,nan,0,x08",Could not parse tag position line.
1781131281.0912557,COM5,1,1,"POS,0,4CAD,nan,nan,nan,0,x08",Could not parse tag position line.
1781131281.190856,COM5,1,1,"POS,0,4CAD,nan,nan,nan,0,x08",Could not parse tag position line.
1781131281.290543,COM5,1,1,"POS,0,4CAD,nan,nan,nan,0,x08",Could not parse tag position line.
1781131281.390757,COM5,1,1,"POS,0,4CAD,nan,nan,nan,0,x08",Could not parse tag position line.
1781131281.4905906,COM5,1,1,"POS,0,4CAD,nan,nan,nan,0,x08",Could not parse tag position line.
1781131281.5909944,COM5,1,1,"POS,0,4CAD,nan,nan,nan,0,x08",Could not parse tag position line.
1781131281.692462,COM5,1,1,"POS,0,4CAD,nan,nan,nan,0,x08",Could not parse tag position line.
1781131281.7916505,COM5,1,1,"POS,0,4CAD,nan,nan,nan,0,x08",Could not parse tag position line.
1781131281.8905146,COM5,1,1,"POS,0,4CAD,nan,nan,nan,0,x08",Could not parse tag position line.
1781131281.9915712,COM5,1,1,"POS,0,4CAD,nan,nan,nan,0,x08",Could not parse tag position line.
1781131282.0910866,COM5,1,1,"POS,0,4CAD,nan,nan,nan,0,x08",Could not parse tag position line.
1781131282.1908562,COM5,1,1,"POS,0,4CAD,nan,nan,nan,0,x08",Could not parse tag position line.
1781131282.2909777,COM5,1,1,"POS,0,4CAD,nan,nan,nan,0,x08",Could not parse tag position line.
1781131282.391516,COM5,1,1,"POS,0,4CAD,nan,nan,nan,0,x08",Could not parse tag position line.
1781131282.4904964,COM5,1,1,"POS,0,4CAD,nan,nan,nan,0,x08",Could not parse tag position line.
1781131282.591243,COM5,1,1,"POS,0,4CAD,nan,nan,nan,0,x08",Could not parse tag position line.
1781131282.6912777,COM5,1,1,"POS,0,4CAD,nan,nan,nan,0,x08",Could not parse tag position line.
1781131282.7907715,COM5,1,1,"POS,0,4CAD,nan,nan,nan,0,x08",Could not parse tag position line.
1781131282.890661,COM5,1,1,"POS,0,4CAD,nan,nan,nan,0,x08",Could not parse tag position line.
1781131282.9907637,COM5,1,1,"POS,0,4CAD,nan,nan,nan,0,x08",Could not parse tag position line.
1781131283.2259054,COM5,1,1,"POS,0,4CAD,nan,nan,nan,0,x08",Could not parse tag position line.
1781131283.3575115,COM5,1,1,"POS,0,4CAD,nan,nan,nan,0,x08",Could not parse tag position line.
1781131283.3909295,COM5,1,1,"POS,0,4CAD,nan,nan,nan,0,x08",Could not parse tag position line.
1781131283.4908493,COM5,1,1,"POS,0,4CAD,nan,nan,nan,0,x08",Could not parse tag position line.
1781131283.5905156,COM5,1,1,"POS,0,4CAD,nan,nan,nan,0,x08",Could not parse tag position line.
1781131283.6906023,COM5,1,1,"POS,0,4CAD,nan,nan,nan,0,x08",Could not parse tag position line.
1781131283.7920773,COM5,1,1,"POS,0,4CAD,nan,nan,nan,0,x08",Could not parse tag position line.
1781131283.8917842,COM5,1,1,"POS,0,4CAD,nan,nan,nan,0,x08",Could not parse tag position line.
1781131283.9913967,COM5,1,1,"POS,0,4CAD,nan,nan,nan,0,x08",Could not parse tag position line.
1781131284.0913436,COM5,1,1,"POS,0,4CAD,nan,nan,nan,0,x08",Could not parse tag position line.
1781131284.1921408,COM5,1,1,"POS,0,4CAD,nan,nan,nan,0,x08",Could not parse tag position line.
1781131284.291202,COM5,1,1,"POS,0,4CAD,nan,nan,nan,0,x08",Could not parse tag position line.
1781131284.391497,COM5,1,1,"POS,0,4CAD,nan,nan,nan,0,x08",Could not parse tag position line.
1781131284.4918358,COM5,1,1,"POS,0,4CAD,nan,nan,nan,0,x08",Could not parse tag position line.
1781131284.5916502,COM5,1,1,"POS,0,4CAD,nan,nan,nan,0,x08",Could not parse tag position line.
1781131284.6915228,COM5,1,1,"POS,0,4CAD,nan,nan,nan,0,x08",Could not parse tag position line.
1781131284.792059,COM5,1,1,"POS,0,4CAD,nan,nan,nan,0,x08",Could not parse tag position line.
1781131284.891209,COM5,1,1,"POS,0,4CAD,nan,nan,nan,0,x08",Could not parse tag position line.
1781131284.9917233,COM5,1,1,"POS,0,4CAD,nan,nan,nan,0,x08",Could not parse tag position line.
1781131285.0909798,COM5,1,1,"POS,0,4CAD,nan,nan,nan,0,x08",Could not parse tag position line.
1781131285.1920342,COM5,1,1,"POS,0,4CAD,nan,nan,nan,0,x08",Could not parse tag position line.
1781131285.2919078,COM5,1,1,"POS,0,4CAD,nan,nan,nan,0,x08",Could not parse tag position line.
1781131285.3905585,COM5,1,1,"POS,0,4CAD,nan,nan,nan,0,x08",Could not parse tag position line.
1781131285.4907596,COM5,1,1,"POS,0,4CAD,nan,nan,nan,0,x08",Could not parse tag position line.
1781131285.5915475,COM5,1,1,"POS,0,4CAD,nan,nan,nan,0,x08",Could not parse tag position line.
1781131285.6921782,COM5,1,1,"POS,0,4CAD,nan,nan,nan,0,x08",Could not parse tag position line.
1781131285.790649,COM5,1,1,"POS,0,4CAD,nan,nan,nan,0,x08",Could not parse tag position line.
1781131285.8928733,COM5,1,1,"POS,0,4CAD,nan,nan,nan,0,x08",Could not parse tag position line.
1781131285.9918354,COM5,1,1,"POS,0,4CAD,nan,nan,nan,0,x08",Could not parse tag position line.
1781131286.0922017,COM5,1,1,"POS,0,4CAD,nan,nan,nan,0,x08",Could not parse tag position line.
1781131286.1908817,COM5,1,1,"POS,0,4CAD,nan,nan,nan,0,x08",Could not parse tag position line.
1781131286.2913938,COM5,1,1,"POS,0,4CAD,nan,nan,nan,0,x08",Could not parse tag position line.
1781131286.391324,COM5,1,1,"POS,0,4CAD,nan,nan,nan,0,x08",Could not parse tag position line.
1781131286.4921315,COM5,1,1,"POS,0,4CAD,nan,nan,nan,0,x08",Could not parse tag position line.
1781131286.592086,COM5,1,1,"POS,0,4CAD,nan,nan,nan,0,x08",Could not parse tag position line.
1781131286.6913579,COM5,1,1,"POS,0,4CAD,nan,nan,nan,0,x08",Could not parse tag position line.
1781131286.791323,COM5,1,1,"POS,0,4CAD,nan,nan,nan,0,x08",Could not parse tag position line.
1781131286.8915095,COM5,1,1,"POS,0,4CAD,nan,nan,nan,0,x08",Could not parse tag position line.
1781131286.9907496,COM5,1,1,"POS,0,4CAD,nan,nan,nan,0,x08",Could not parse tag position line.
1781131287.0906909,COM5,1,1,"POS,0,4CAD,nan,nan,nan,0,x08",Could not parse tag position line.
1781131287.1911478,COM5,1,1,"POS,0,4CAD,nan,nan,nan,0,x08",Could not parse tag position line.
1781131287.2920694,COM5,1,1,"POS,0,4CAD,nan,nan,nan,0,x08",Could not parse tag position line.
1781131287.3910496,COM5,1,1,"POS,0,4CAD,nan,nan,nan,0,x08",Could not parse tag position line.
1781131287.491982,COM5,1,1,"POS,0,4CAD,nan,nan,nan,0,x08",Could not parse tag position line.
1781131287.590727,COM5,1,1,"POS,0,4CAD,nan,nan,nan,0,x08",Could not parse tag position line.
1781131287.6914785,COM5,1,1,"POS,0,4CAD,nan,nan,nan,0,x08",Could not parse tag position line.
1781131287.7911985,COM5,1,1,"POS,0,4CAD,nan,nan,nan,0,x08",Could not parse tag position line.
1781131287.8915327,COM5,1,1,"POS,0,4CAD,nan,nan,nan,0,x08",Could not parse tag position line.
1781131287.9912324,COM5,1,1,"POS,0,4CAD,nan,nan,nan,0,x08",Could not parse tag position line.
1781131288.0909748,COM5,1,1,"POS,0,4CAD,nan,nan,nan,0,x08",Could not parse tag position line.
1781131288.191928,COM5,1,1,"POS,0,4CAD,nan,nan,nan,0,x08",Could not parse tag position line.
1781131288.2916179,COM5,1,1,"POS,0,4CAD,nan,nan,nan,0,x08",Could not parse tag position line.
1781131288.3918626,COM5,1,1,"POS,0,4CAD,nan,nan,nan,0,x08",Could not parse tag position line.
1781131288.4912097,COM5,1,1,"POS,0,4CAD,nan,nan,nan,0,x08",Could not parse tag position line.
1781131288.59146,COM5,1,1,"POS,0,4CAD,nan,nan,nan,0,x08",Could not parse tag position line.
1781131288.691398,COM5,1,1,"POS,0,4CAD,nan,nan,nan,0,x08",Could not parse tag position line.
1781131288.791357,COM5,1,1,"POS,0,4CAD,nan,nan,nan,0,x08",Could not parse tag position line.
1781131288.8915834,COM5,1,1,"POS,0,4CAD,nan,nan,nan,0,x08",Could not parse tag position line.
1781131288.9912322,COM5,1,1,"POS,0,4CAD,nan,nan,nan,0,x08",Could not parse tag position line.
1781131289.0906541,COM5,1,1,"POS,0,4CAD,nan,nan,nan,0,x08",Could not parse tag position line.
1781131289.192162,COM5,1,1,"POS,0,4CAD,nan,nan,nan,0,x08",Could not parse tag position line.
1781131289.2907507,COM5,1,1,"POS,0,4CAD,nan,nan,nan,0,x08",Could not parse tag position line.
1781131289.3904855,COM5,1,1,"POS,0,4CAD,nan,nan,nan,0,x08",Could not parse tag position line.
1781131289.4922085,COM5,1,1,"POS,0,4CAD,nan,nan,nan,0,x08",Could not parse tag position line.
1781131289.5908082,COM5,1,1,"POS,0,4CAD,nan,nan,nan,0,x08",Could not parse tag position line.
1781131289.6914299,COM5,1,1,"POS,0,4CAD,nan,nan,nan,0,x08",Could not parse tag position line.
1781131289.791425,COM5,1,1,"POS,0,4CAD,nan,nan,nan,0,x08",Could not parse tag position line.
1781131289.8908453,COM5,1,1,"POS,0,4CAD,nan,nan,nan,0,x08",Could not parse tag position line.
1781131289.9910893,COM5,1,1,"POS,0,4CAD,nan,nan,nan,0,x08",Could not parse tag position line.
1781131290.0908604,COM5,1,1,"POS,0,4CAD,nan,nan,nan,0,x08",Could not parse tag position line.
1781131290.1919568,COM5,1,1,"POS,0,4CAD,nan,nan,nan,0,x08",Could not parse tag position line.
1781131290.2911272,COM5,1,1,"POS,0,4CAD,nan,nan,nan,0,x08",Could not parse tag position line.
1781131290.3907263,COM5,1,1,"POS,0,4CAD,nan,nan,nan,0,x08",Could not parse tag position line.
1781131290.4913266,COM5,1,1,"POS,0,4CAD,nan,nan,nan,0,x08",Could not parse tag position line.
1781131290.5906181,COM5,1,1,"POS,0,4CAD,nan,nan,nan,0,x08",Could not parse tag position line.
1781131290.6919377,COM5,1,1,"POS,0,4CAD,nan,nan,nan,0,x08",Could not parse tag position line.
1781131290.7910864,COM5,1,1,"POS,0,4CAD,nan,nan,nan,0,x08",Could not parse tag position line.
1781131290.890937,COM5,1,1,"POS,0,4CAD,nan,nan,nan,0,x08",Could not parse tag position line.
1781131290.9912174,COM5,1,1,"POS,0,4CAD,nan,nan,nan,0,x08",Could not parse tag position line.
1781131291.0916965,COM5,1,1,"POS,0,4CAD,nan,nan,nan,0,x08",Could not parse tag position line.
1781131291.1912937,COM5,1,1,"POS,0,4CAD,nan,nan,nan,0,x08",Could not parse tag position line.
1781131291.291032,COM5,1,1,"POS,0,4CAD,nan,nan,nan,0,x08",Could not parse tag position line.
1781131291.3905468,COM5,1,1,"POS,0,4CAD,nan,nan,nan,0,x08",Could not parse tag position line.
1781131291.4916472,COM5,1,1,"POS,0,4CAD,nan,nan,nan,0,x08",Could not parse tag position line.
1781131291.5919118,COM5,1,1,"POS,0,4CAD,nan,nan,nan,0,x08",Could not parse tag position line.
1781131291.6920516,COM5,1,1,"POS,0,4CAD,nan,nan,nan,0,x08",Could not parse tag position line.
1781131291.7911563,COM5,1,1,"POS,0,4CAD,nan,nan,nan,0,x08",Could not parse tag position line.
1781131291.8915267,COM5,1,1,"POS,0,4CAD,nan,nan,nan,0,x08",Could not parse tag position line.
1781131291.9914303,COM5,1,1,"POS,0,4CAD,nan,nan,nan,0,x08",Could not parse tag position line.
1781131292.0918987,COM5,1,1,"POS,0,4CAD,nan,nan,nan,0,x08",Could not parse tag position line.
1781131292.191387,COM5,1,1,"POS,0,4CAD,nan,nan,nan,0,x08",Could not parse tag position line.
1781131292.2915177,COM5,1,1,"POS,0,4CAD,nan,nan,nan,0,x08",Could not parse tag position line.
1781131292.392172,COM5,1,1,"POS,0,4CAD,nan,nan,nan,0,x08",Could not parse tag position line.
1781131292.4911468,COM5,1,1,"POS,0,4CAD,nan,nan,nan,0,x08",Could not parse tag position line.
1781131292.590615,COM5,1,1,"POS,0,4CAD,nan,nan,nan,0,x08",Could not parse tag position line.
1781131292.6922333,COM5,1,1,"POS,0,4CAD,nan,nan,nan,0,x08",Could not parse tag position line.
1781131292.7917023,COM5,1,1,"POS,0,4CAD,nan,nan,nan,0,x08",Could not parse tag position line.
1781131292.8921742,COM5,1,1,"POS,0,4CAD,nan,nan,nan,0,x08",Could not parse tag position line.
1781131292.9912624,COM5,1,1,"POS,0,4CAD,nan,nan,nan,0,x08",Could not parse tag position line.
1781131293.0918992,COM5,1,1,"POS,0,4CAD,nan,nan,nan,0,x08",Could not parse tag position line.
1781131293.1912725,COM5,1,1,"POS,0,4CAD,nan,nan,nan,0,x08",Could not parse tag position line.
1781131293.2908158,COM5,1,1,"POS,0,4CAD,nan,nan,nan,0,x08",Could not parse tag position line.
1781131293.3916101,COM5,1,1,"POS,0,4CAD,nan,nan,nan,0,x08",Could not parse tag position line.
1781131293.4906673,COM5,1,1,"POS,0,4CAD,nan,nan,nan,0,x08",Could not parse tag position line.
1781131293.5911973,COM5,1,1,"POS,0,4CAD,nan,nan,nan,0,x08",Could not parse tag position line.
1781131293.691569,COM5,1,1,"POS,0,4CAD,nan,nan,nan,0,x08",Could not parse tag position line.
1781131293.7912362,COM5,1,1,"POS,0,4CAD,nan,nan,nan,0,x08",Could not parse tag position line.
1781131293.8921888,COM5,1,1,"POS,0,4CAD,nan,nan,nan,0,x08",Could not parse tag position line.
1781131293.9921975,COM5,1,1,"POS,0,4CAD,nan,nan,nan,0,x08",Could not parse tag position line.
1781131294.0911405,COM5,1,1,"POS,0,4CAD,nan,nan,nan,0,x08",Could not parse tag position line.
1781131294.191526,COM5,1,1,"POS,0,4CAD,nan,nan,nan,0,x08",Could not parse tag position line.
1781131294.2909083,COM5,1,1,"POS,0,4CAD,nan,nan,nan,0,x08",Could not parse tag position line.
1781131294.390722,COM5,1,1,"POS,0,4CAD,nan,nan,nan,0,x08",Could not parse tag position line.
1781131294.490878,COM5,1,1,"POS,0,4CAD,nan,nan,nan,0,x08",Could not parse tag position line.
1781131294.5918045,COM5,1,1,"POS,0,4CAD,nan,nan,nan,0,x08",Could not parse tag position line.
1781131294.691329,COM5,1,1,"POS,0,4CAD,nan,nan,nan,0,x08",Could not parse tag position line.
1781131294.7918525,COM5,1,1,"POS,0,4CAD,nan,nan,nan,0,x08",Could not parse tag position line.
1781131294.8915517,COM5,1,1,"POS,0,4CAD,nan,nan,nan,0,x08",Could not parse tag position line.
1781131294.9911673,COM5,1,1,"POS,0,4CAD,nan,nan,nan,0,x08",Could not parse tag position line.
1781131295.091837,COM5,1,1,"POS,0,4CAD,nan,nan,nan,0,x08",Could not parse tag position line.
1781131295.191417,COM5,1,1,"POS,0,4CAD,nan,nan,nan,0,x08",Could not parse tag position line.
1781131295.292205,COM5,1,1,"POS,0,4CAD,nan,nan,nan,0,x08",Could not parse tag position line.
1781131295.3919442,COM5,1,1,"POS,0,4CAD,nan,nan,nan,0,x08",Could not parse tag position line.
1781131295.4921615,COM5,1,1,"POS,0,4CAD,nan,nan,nan,0,x08",Could not parse tag position line.
1781131295.5914726,COM5,1,1,"POS,0,4CAD,nan,nan,nan,0,x08",Could not parse tag position line.
1781131295.691013,COM5,1,1,"POS,0,4CAD,nan,nan,nan,0,x08",Could not parse tag position line.
1781131295.7911997,COM5,1,1,"POS,0,4CAD,nan,nan,nan,0,x08",Could not parse tag position line.
1781131295.8910666,COM5,1,1,"POS,0,4CAD,nan,nan,nan,0,x08",Could not parse tag position line.
1781131295.9911127,COM5,1,1,"POS,0,4CAD,nan,nan,nan,0,x08",Could not parse tag position line.
1781131296.0906038,COM5,1,1,"POS,0,4CAD,nan,nan,nan,0,x08",Could not parse tag position line.
1781131296.1915507,COM5,1,1,"POS,0,4CAD,nan,nan,nan,0,x08",Could not parse tag position line.
1781131296.2916963,COM5,1,1,"POS,0,4CAD,nan,nan,nan,0,x08",Could not parse tag position line.
1781131296.3908021,COM5,1,1,"POS,0,4CAD,nan,nan,nan,0,x08",Could not parse tag position line.
1781131296.4918344,COM5,1,1,"POS,0,4CAD,nan,nan,nan,0,x08",Could not parse tag position line.
1781131296.5921063,COM5,1,1,"POS,0,4CAD,nan,nan,nan,0,x08",Could not parse tag position line.
1781131296.6915555,COM5,1,1,"POS,0,4CAD,nan,nan,nan,0,x08",Could not parse tag position line.
1781131296.791321,COM5,1,1,"POS,0,4CAD,nan,nan,nan,0,x08",Could not parse tag position line.
1781131296.8920622,COM5,1,1,"POS,0,4CAD,nan,nan,nan,0,x08",Could not parse tag position line.
1781131296.9910884,COM5,1,1,"POS,0,4CAD,nan,nan,nan,0,x08",Could not parse tag position line.
1781131297.0905309,COM5,1,1,"POS,0,4CAD,nan,nan,nan,0,x08",Could not parse tag position line.
1781131297.2920094,COM5,1,1,"POS,0,4CAD,nan,nan,nan,0,x08",Could not parse tag position line.
1781131297.4487078,COM5,1,1,"POS,0,4CAD,nan,nan,nan,0,x08",Could not parse tag position line.
1781131297.4910605,COM5,1,1,"POS,0,4CAD,nan,nan,nan,0,x08",Could not parse tag position line.
1781131297.5912795,COM5,1,1,"POS,0,4CAD,nan,nan,nan,0,x08",Could not parse tag position line.
1781131297.6918466,COM5,1,1,"POS,0,4CAD,nan,nan,nan,0,x08",Could not parse tag position line.
1781131297.791858,COM5,1,1,"POS,0,4CAD,nan,nan,nan,0,x08",Could not parse tag position line.
1781131297.8908267,COM5,1,1,"POS,0,4CAD,nan,nan,nan,0,x08",Could not parse tag position line.
1781131298.2217162,COM5,1,1,"POS,0,4CAD,nan,nan,nan,0,x08",Could not parse tag position line.
1781131298.2908955,COM5,1,1,"POS,0,4CAD,nan,nan,nan,0,x08",Could not parse tag position line.
1781131298.898485,COM5,1,1,"POS,0,4CAD,nan,nan,nan,0,x08",Could not parse tag position line.
1781131299.0167394,COM5,1,1,"POS,0,4CAD,nan,nan,nan,0,x08",Could not parse tag position line.
1781131299.0956025,COM5,1,1,"POS,0,4CAD,nan,nan,nan,0,x08",Could not parse tag position line.
1781131299.1921206,COM5,1,1,"POS,0,4CAD,nan,nan,nan,0,x08",Could not parse tag position line.
1781131299.2917683,COM5,1,1,"POS,0,4CAD,nan,nan,nan,0,x08",Could not parse tag position line.
1781131299.390555,COM5,1,1,"POS,0,4CAD,nan,nan,nan,0,x08",Could not parse tag position line.
1781131299.4908304,COM5,1,1,"POS,0,4CAD,nan,nan,nan,0,x08",Could not parse tag position line.
1781131299.5911171,COM5,1,1,"POS,0,4CAD,nan,nan,nan,0,x08",Could not parse tag position line.
1781131299.6904802,COM5,1,1,"POS,0,4CAD,nan,nan,nan,0,x08",Could not parse tag position line.
1781131299.7918122,COM5,1,1,"POS,0,4CAD,nan,nan,nan,0,x08",Could not parse tag position line.
1781131299.8917475,COM5,1,1,"POS,0,4CAD,nan,nan,nan,0,x08",Could not parse tag position line.
1781131299.991671,COM5,1,1,"POS,0,4CAD,nan,nan,nan,0,x08",Could not parse tag position line.
1781131300.092031,COM5,1,1,"POS,0,4CAD,nan,nan,nan,0,x08",Could not parse tag position line.
1781131300.191088,COM5,1,1,"POS,0,4CAD,nan,nan,nan,0,x08",Could not parse tag position line.
1781131300.2906349,COM5,1,1,"POS,0,4CAD,nan,nan,nan,0,x08",Could not parse tag position line.
1781131300.3917098,COM5,1,1,"POS,0,4CAD,nan,nan,nan,0,x08",Could not parse tag position line.
1781131300.491637,COM5,1,1,"POS,0,4CAD,nan,nan,nan,0,x08",Could not parse tag position line.
1781131300.591032,COM5,1,1,"POS,0,4CAD,nan,nan,nan,0,x08",Could not parse tag position line.
1781131300.6910305,COM5,1,1,"POS,0,4CAD,nan,nan,nan,0,x08",Could not parse tag position line.
1781131300.7905571,COM5,1,1,"POS,0,4CAD,nan,nan,nan,0,x08",Could not parse tag position line.
1781131300.8920875,COM5,1,1,"POS,0,4CAD,nan,nan,nan,0,x08",Could not parse tag position line.
1781131300.9915576,COM5,1,1,"POS,0,4CAD,nan,nan,nan,0,x08",Could not parse tag position line.
1781131301.091401,COM5,1,1,"POS,0,4CAD,nan,nan,nan,0,x08",Could not parse tag position line.
1781131301.1910522,COM5,1,1,"POS,0,4CAD,nan,nan,nan,0,x08",Could not parse tag position line.
1781131301.291536,COM5,1,1,"POS,0,4CAD,nan,nan,nan,0,x08",Could not parse tag position line.
1781131301.3915317,COM5,1,1,"POS,0,4CAD,nan,nan,nan,0,x08",Could not parse tag position line.
1781131301.490593,COM5,1,1,"POS,0,4CAD,nan,nan,nan,0,x08",Could not parse tag position line.
1781131301.5911543,COM5,1,1,"POS,0,4CAD,nan,nan,nan,0,x08",Could not parse tag position line.
1781131301.6912072,COM5,1,1,"POS,0,4CAD,nan,nan,nan,0,x08",Could not parse tag position line.
1781131301.7915452,COM5,1,1,"POS,0,4CAD,nan,nan,nan,0,x08",Could not parse tag position line.
1781131301.8917274,COM5,1,1,"POS,0,4CAD,nan,nan,nan,0,x08",Could not parse tag position line.
1781131301.9919221,COM5,1,1,"POS,0,4CAD,nan,nan,nan,0,x08",Could not parse tag position line.
1781131302.0904956,COM5,1,1,"POS,0,4CAD,nan,nan,nan,0,x08",Could not parse tag position line.
1781131302.1910672,COM5,1,1,"POS,0,4CAD,nan,nan,nan,0,x08",Could not parse tag position line.
1781131302.2913733,COM5,1,1,"POS,0,4CAD,nan,nan,nan,0,x08",Could not parse tag position line.
1781131302.3919458,COM5,1,1,"POS,0,4CAD,nan,nan,nan,0,x08",Could not parse tag position line.
1781131302.4906125,COM5,1,1,"POS,0,4CAD,nan,nan,nan,0,x08",Could not parse tag position line.
1781131302.5918546,COM5,1,1,"POS,0,4CAD,nan,nan,nan,0,x08",Could not parse tag position line.
1781131302.6921685,COM5,1,1,"POS,0,4CAD,nan,nan,nan,0,x08",Could not parse tag position line.
1781131302.790475,COM5,1,1,"POS,0,4CAD,nan,nan,nan,0,x08",Could not parse tag position line.
1781131302.8921354,COM5,1,1,"POS,0,4CAD,nan,nan,nan,0,x08",Could not parse tag position line.
1781131302.9906719,COM5,1,1,"POS,0,4CAD,nan,nan,nan,0,x08",Could not parse tag position line.
1781131303.0904999,COM5,1,1,"POS,0,4CAD,nan,nan,nan,0,x08",Could not parse tag position line.
1781131303.1911557,COM5,1,1,"POS,0,4CAD,nan,nan,nan,0,x08",Could not parse tag position line.
1781131303.2912025,COM5,1,1,"POS,0,4CAD,nan,nan,nan,0,x08",Could not parse tag position line.
1781131303.3919916,COM5,1,1,"POS,0,4CAD,nan,nan,nan,0,x08",Could not parse tag position line.
1781131303.4905303,COM5,1,1,"POS,0,4CAD,nan,nan,nan,0,x08",Could not parse tag position line.
1781131303.5915556,COM5,1,1,"POS,0,4CAD,nan,nan,nan,0,x08",Could not parse tag position line.
1781131303.69074,COM5,1,1,"POS,0,4CAD,nan,nan,nan,0,x08",Could not parse tag position line.
1781131303.7921412,COM5,1,1,"POS,0,4CAD,nan,nan,nan,0,x08",Could not parse tag position line.
1781131303.8913052,COM5,1,1,"POS,0,4CAD,nan,nan,nan,0,x08",Could not parse tag position line.
1781131303.9913628,COM5,1,1,"POS,0,4CAD,nan,nan,nan,0,x08",Could not parse tag position line.
1781131304.0909593,COM5,1,1,"POS,0,4CAD,nan,nan,nan,0,x08",Could not parse tag position line.
1781131304.1923487,COM5,1,1,"POS,0,4CAD,nan,nan,nan,0,x08",Could not parse tag position line.
1781131304.2906518,COM5,1,1,"POS,0,4CAD,nan,nan,nan,0,x08",Could not parse tag position line.
1781131304.3918867,COM5,1,1,"POS,0,4CAD,nan,nan,nan,0,x08",Could not parse tag position line.
1781131304.491244,COM5,1,1,"POS,0,4CAD,nan,nan,nan,0,x08",Could not parse tag position line.
1781131304.5914092,COM5,1,1,"POS,0,4CAD,nan,nan,nan,0,x08",Could not parse tag position line.
1781131304.6920674,COM5,1,1,"POS,0,4CAD,nan,nan,nan,0,x08",Could not parse tag position line.
1781131304.7905352,COM5,1,1,"POS,0,4CAD,nan,nan,nan,0,x08",Could not parse tag position line.
1781131304.8916614,COM5,1,1,"POS,0,4CAD,nan,nan,nan,0,x08",Could not parse tag position line.
1781131304.9913108,COM5,1,1,"POS,0,4CAD,nan,nan,nan,0,x08",Could not parse tag position line.
1781131305.092089,COM5,1,1,"POS,0,4CAD,nan,nan,nan,0,x08",Could not parse tag position line.
1781131305.1911216,COM5,1,1,"POS,0,4CAD,nan,nan,nan,0,x08",Could not parse tag position line.
1781131305.2908654,COM5,1,1,"POS,0,4CAD,nan,nan,nan,0,x08",Could not parse tag position line.
1781131305.3907351,COM5,1,1,"POS,0,4CAD,nan,nan,nan,0,x08",Could not parse tag position line.
1781131305.491143,COM5,1,1,"POS,0,4CAD,nan,nan,nan,0,x08",Could not parse tag position line.
1781131305.59129,COM5,1,1,"POS,0,4CAD,nan,nan,nan,0,x08",Could not parse tag position line.
1781131305.691691,COM5,1,1,"POS,0,4CAD,nan,nan,nan,0,x08",Could not parse tag position line.
1781131305.7919629,COM5,1,1,"POS,0,4CAD,nan,nan,nan,0,x08",Could not parse tag position line.
1781131305.8906536,COM5,1,1,"POS,0,4CAD,nan,nan,nan,0,x08",Could not parse tag position line.
1781131305.9905274,COM5,1,1,"POS,0,4CAD,nan,nan,nan,0,x08",Could not parse tag position line.
1781131306.0913522,COM5,1,1,"POS,0,4CAD,nan,nan,nan,0,x08",Could not parse tag position line.
1781131306.1905046,COM5,1,1,"POS,0,4CAD,nan,nan,nan,0,x08",Could not parse tag position line.
1781131306.2912557,COM5,1,1,"POS,0,4CAD,nan,nan,nan,0,x08",Could not parse tag position line.
1781131306.391453,COM5,1,1,"POS,0,4CAD,nan,nan,nan,0,x08",Could not parse tag position line.
1781131306.491139,COM5,1,1,"POS,0,4CAD,nan,nan,nan,0,x08",Could not parse tag position line.
1781131306.5905623,COM5,1,1,"POS,0,4CAD,nan,nan,nan,0,x08",Could not parse tag position line.
1781131306.6922762,COM5,1,1,"POS,0,4CAD,nan,nan,nan,0,x08",Could not parse tag position line.
1781131306.7914786,COM5,1,1,"POS,0,4CAD,nan,nan,nan,0,x08",Could not parse tag position line.
1781131306.8922765,COM5,1,1,"POS,0,4CAD,nan,nan,nan,0,x08",Could not parse tag position line.
1781131306.9910038,COM5,1,1,"POS,0,4CAD,nan,nan,nan,0,x08",Could not parse tag position line.
1781131307.1908782,COM5,1,1,"POS,0,4CAD,nan,nan,nan,0,x08",Could not parse tag position line.
1781131307.3912342,COM5,1,1,"POS,0,4CAD,nan,nan,nan,0,x08",Could not parse tag position line.
1781131308.690508,COM5,1,1,"POS,0,4CAD,nan,nan,nan,0,x08",Could not parse tag position line.
1781131313.1905818,COM5,1,1,"POS,0,4CAD,nan,nan,nan,0,x0A",Could not parse tag position line.
1781131313.7910337,COM5,1,1,"POS,0,4CAD,nan,nan,nan,0,x0A",Could not parse tag position line.
1781131313.8977492,COM5,1,1,"POS,0,4CAD,nan,nan,nan,0,x0A",Could not parse tag position line.
1781131313.9921901,COM5,1,1,"POS,0,4CAD,nan,nan,nan,0,x0A",Could not parse tag position line.
1781131314.0915167,COM5,1,1,"POS,0,4CAD,nan,nan,nan,0,x0A",Could not parse tag position line.
1781131314.191793,COM5,1,1,"POS,0,4CAD,nan,nan,nan,0,x0A",Could not parse tag position line.
1781131314.2919188,COM5,1,1,"POS,0,4CAD,nan,nan,nan,0,x0A",Could not parse tag position line.
1781131314.3909307,COM5,1,1,"POS,0,4CAD,nan,nan,nan,0,x0A",Could not parse tag position line.
1781131314.4921973,COM5,1,1,"POS,0,4CAD,nan,nan,nan,0,x0A",Could not parse tag position line.
1781131314.5921767,COM5,1,1,"POS,0,4CAD,nan,nan,nan,0,x0A",Could not parse tag position line.
1781131314.6919892,COM5,1,1,"POS,0,4CAD,nan,nan,nan,0,x0A",Could not parse tag position line.
1781131314.790772,COM5,1,1,"POS,0,4CAD,nan,nan,nan,0,x0A",Could not parse tag position line.
1781131314.8916135,COM5,1,1,"POS,0,4CAD,nan,nan,nan,0,x0A",Could not parse tag position line.
1781131314.9911542,COM5,1,1,"POS,0,4CAD,nan,nan,nan,0,x0A",Could not parse tag position line.
1781131315.0909045,COM5,1,1,"POS,0,4CAD,nan,nan,nan,0,x0A",Could not parse tag position line.
1781131315.1920698,COM5,1,1,"POS,0,4CAD,nan,nan,nan,0,x0A",Could not parse tag position line.
1781131315.291723,COM5,1,1,"POS,0,4CAD,nan,nan,nan,0,x0A",Could not parse tag position line.
1781131315.39202,COM5,1,1,"POS,0,4CAD,nan,nan,nan,0,x0A",Could not parse tag position line.
1781131315.4908805,COM5,1,1,"POS,0,4CAD,nan,nan,nan,0,x0A",Could not parse tag position line.
1781131315.592037,COM5,1,1,"POS,0,4CAD,nan,nan,nan,0,x0A",Could not parse tag position line.
1781131315.690597,COM5,1,1,"POS,0,4CAD,nan,nan,nan,0,x0A",Could not parse tag position line.
1781131315.791302,COM5,1,1,"POS,0,4CAD,nan,nan,nan,0,x0A",Could not parse tag position line.
1781131315.8906937,COM5,1,1,"POS,0,4CAD,nan,nan,nan,0,x0A",Could not parse tag position line.
1781131315.990537,COM5,1,1,"POS,0,4CAD,nan,nan,nan,0,x0A",Could not parse tag position line.
1781131316.0917873,COM5,1,1,"POS,0,4CAD,nan,nan,nan,0,x0A",Could not parse tag position line.
1781131316.1916368,COM5,1,1,"POS,0,4CAD,nan,nan,nan,0,x0A",Could not parse tag position line.
1781131316.2906609,COM5,1,1,"POS,0,4CAD,nan,nan,nan,0,x0A",Could not parse tag position line.
1781131316.391105,COM5,1,1,"POS,0,4CAD,nan,nan,nan,0,x0A",Could not parse tag position line.
1781131316.4918835,COM5,1,1,"POS,0,4CAD,nan,nan,nan,0,x0A",Could not parse tag position line.
1781131316.5910668,COM5,1,1,"POS,0,4CAD,nan,nan,nan,0,x0A",Could not parse tag position line.
1781131316.6910052,COM5,1,1,"POS,0,4CAD,nan,nan,nan,0,x0A",Could not parse tag position line.
1781131316.7914314,COM5,1,1,"POS,0,4CAD,nan,nan,nan,0,x0A",Could not parse tag position line.
1781131316.8909013,COM5,1,1,"POS,0,4CAD,nan,nan,nan,0,x0A",Could not parse tag position line.
1781131316.9914007,COM5,1,1,"POS,0,4CAD,nan,nan,nan,0,x0A",Could not parse tag position line.
1781131317.09102,COM5,1,1,"POS,0,4CAD,nan,nan,nan,0,x0A",Could not parse tag position line.
1781131317.191433,COM5,1,1,"POS,0,4CAD,nan,nan,nan,0,x0A",Could not parse tag position line.
1781131317.2911775,COM5,1,1,"POS,0,4CAD,nan,nan,nan,0,x0A",Could not parse tag position line.
1781131317.3905857,COM5,1,1,"POS,0,4CAD,nan,nan,nan,0,x0A",Could not parse tag position line.
1781131317.4907305,COM5,1,1,"POS,0,4CAD,nan,nan,nan,0,x0A",Could not parse tag position line.
1781131317.5911198,COM5,1,1,"POS,0,4CAD,nan,nan,nan,0,x0A",Could not parse tag position line.
1781131317.6912017,COM5,1,1,"POS,0,4CAD,nan,nan,nan,0,x0A",Could not parse tag position line.
1781131317.791173,COM5,1,1,"POS,0,4CAD,nan,nan,nan,0,x0A",Could not parse tag position line.
1781131317.8910682,COM5,1,1,"POS,0,4CAD,nan,nan,nan,0,x0A",Could not parse tag position line.
1781131317.9922006,COM5,1,1,"POS,0,4CAD,nan,nan,nan,0,x0A",Could not parse tag position line.
1781131318.090497,COM5,1,1,"POS,0,4CAD,nan,nan,nan,0,x0A",Could not parse tag position line.
1781131318.191198,COM5,1,1,"POS,0,4CAD,nan,nan,nan,0,x0A",Could not parse tag position line.
1781131318.291598,COM5,1,1,"POS,0,4CAD,nan,nan,nan,0,x0A",Could not parse tag position line.
1781131318.3910406,COM5,1,1,"POS,0,4CAD,nan,nan,nan,0,x0A",Could not parse tag position line.
1781131318.4912753,COM5,1,1,"POS,0,4CAD,nan,nan,nan,0,x0A",Could not parse tag position line.
1781131318.5914264,COM5,1,1,"POS,0,4CAD,nan,nan,nan,0,x0A",Could not parse tag position line.
1781131318.691544,COM5,1,1,"POS,0,4CAD,nan,nan,nan,0,x0A",Could not parse tag position line.
1781131318.7907188,COM5,1,1,"POS,0,4CAD,nan,nan,nan,0,x0A",Could not parse tag position line.
1781131318.8926232,COM5,1,1,"POS,0,4CAD,nan,nan,nan,0,x0A",Could not parse tag position line.
1781131318.9918382,COM5,1,1,"POS,0,4CAD,nan,nan,nan,0,x0A",Could not parse tag position line.
1781131319.0907745,COM5,1,1,"POS,0,4CAD,nan,nan,nan,0,x0A",Could not parse tag position line.
1781131319.1916096,COM5,1,1,"POS,0,4CAD,nan,nan,nan,0,x0A",Could not parse tag position line.
1781131319.2919536,COM5,1,1,"POS,0,4CAD,nan,nan,nan,0,x0A",Could not parse tag position line.
1781131319.3921595,COM5,1,1,"POS,0,4CAD,nan,nan,nan,0,x0A",Could not parse tag position line.
1781131319.4904246,COM5,1,1,"POS,0,4CAD,nan,nan,nan,0,x0A",Could not parse tag position line.
1781131319.5919063,COM5,1,1,"POS,0,4CAD,nan,nan,nan,0,x0A",Could not parse tag position line.
1781131319.6906564,COM5,1,1,"POS,0,4CAD,nan,nan,nan,0,x0A",Could not parse tag position line.
1781131319.790661,COM5,1,1,"POS,0,4CAD,nan,nan,nan,0,x0A",Could not parse tag position line.
1781131319.890671,COM5,1,1,"POS,0,4CAD,nan,nan,nan,0,x0A",Could not parse tag position line.
1781131319.9919708,COM5,1,1,"POS,0,4CAD,nan,nan,nan,0,x0A",Could not parse tag position line.
1781131320.0906782,COM5,1,1,"POS,0,4CAD,nan,nan,nan,0,x0A",Could not parse tag position line.
1781131320.1908379,COM5,1,1,"POS,0,4CAD,nan,nan,nan,0,x0A",Could not parse tag position line.
1781131320.2906618,COM5,1,1,"POS,0,4CAD,nan,nan,nan,0,x0A",Could not parse tag position line.
1781131320.391265,COM5,1,1,"POS,0,4CAD,nan,nan,nan,0,x0A",Could not parse tag position line.
1781131320.4907691,COM5,1,1,"POS,0,4CAD,nan,nan,nan,0,x0A",Could not parse tag position line.
1781131320.591636,COM5,1,1,"POS,0,4CAD,nan,nan,nan,0,x0A",Could not parse tag position line.
1781131320.6911988,COM5,1,1,"POS,0,4CAD,nan,nan,nan,0,x0A",Could not parse tag position line.
1781131320.791344,COM5,1,1,"POS,0,4CAD,nan,nan,nan,0,x0A",Could not parse tag position line.
1781131320.8908126,COM5,1,1,"POS,0,4CAD,nan,nan,nan,0,x0A",Could not parse tag position line.
1781131320.9920697,COM5,1,1,"POS,0,4CAD,nan,nan,nan,0,x0A",Could not parse tag position line.
1781131321.090496,COM5,1,1,"POS,0,4CAD,nan,nan,nan,0,x0A",Could not parse tag position line.
1781131321.1909258,COM5,1,1,"POS,0,4CAD,nan,nan,nan,0,x0A",Could not parse tag position line.
1781131321.2909262,COM5,1,1,"POS,0,4CAD,nan,nan,nan,0,x0A",Could not parse tag position line.
1781131321.3910422,COM5,1,1,"POS,0,4CAD,nan,nan,nan,0,x0A",Could not parse tag position line.
1781131321.4916542,COM5,1,1,"POS,0,4CAD,nan,nan,nan,0,x0A",Could not parse tag position line.
1781131321.5917993,COM5,1,1,"POS,0,4CAD,nan,nan,nan,0,x0A",Could not parse tag position line.
1781131321.6911201,COM5,1,1,"POS,0,4CAD,nan,nan,nan,0,x0A",Could not parse tag position line.
1781131321.791126,COM5,1,1,"POS,0,4CAD,nan,nan,nan,0,x0A",Could not parse tag position line.
1781131321.8913581,COM5,1,1,"POS,0,4CAD,nan,nan,nan,0,x0A",Could not parse tag position line.
1781131321.991047,COM5,1,1,"POS,0,4CAD,nan,nan,nan,0,x0A",Could not parse tag position line.
1781131322.0914643,COM5,1,1,"POS,0,4CAD,nan,nan,nan,0,x0A",Could not parse tag position line.
1781131322.1904745,COM5,1,1,"POS,0,4CAD,nan,nan,nan,0,x0A",Could not parse tag position line.
1781131322.2919936,COM5,1,1,"POS,0,4CAD,nan,nan,nan,0,x0A",Could not parse tag position line.
1781131322.3908343,COM5,1,1,"POS,0,4CAD,nan,nan,nan,0,x0A",Could not parse tag position line.
1781131322.4912832,COM5,1,1,"POS,0,4CAD,nan,nan,nan,0,x0A",Could not parse tag position line.
1781131322.5909302,COM5,1,1,"POS,0,4CAD,nan,nan,nan,0,x0A",Could not parse tag position line.
1781131322.6907048,COM5,1,1,"POS,0,4CAD,nan,nan,nan,0,x0A",Could not parse tag position line.
1781131322.790525,COM5,1,1,"POS,0,4CAD,nan,nan,nan,0,x0A",Could not parse tag position line.
1781131322.8907676,COM5,1,1,"POS,0,4CAD,nan,nan,nan,0,x0A",Could not parse tag position line.
1781131322.9907904,COM5,1,1,"POS,0,4CAD,nan,nan,nan,0,x0A",Could not parse tag position line.
1781131323.0910652,COM5,1,1,"POS,0,4CAD,nan,nan,nan,0,x0A",Could not parse tag position line.
1781131323.1907814,COM5,1,1,"POS,0,4CAD,nan,nan,nan,0,x0A",Could not parse tag position line.
1781131323.2926345,COM5,1,1,"POS,0,4CAD,nan,nan,nan,0,x0A",Could not parse tag position line.
1781131323.3919096,COM5,1,1,"POS,0,4CAD,nan,nan,nan,0,x0A",Could not parse tag position line.
1781131323.4911056,COM5,1,1,"POS,0,4CAD,nan,nan,nan,0,x0A",Could not parse tag position line.
1781131323.5917203,COM5,1,1,"POS,0,4CAD,nan,nan,nan,0,x0A",Could not parse tag position line.
1781131323.6906016,COM5,1,1,"POS,0,4CAD,nan,nan,nan,0,x0A",Could not parse tag position line.
1781131323.7910922,COM5,1,1,"POS,0,4CAD,nan,nan,nan,0,x0A",Could not parse tag position line.
1781131323.8915215,COM5,1,1,"POS,0,4CAD,nan,nan,nan,0,x0A",Could not parse tag position line.
1781131323.991769,COM5,1,1,"POS,0,4CAD,nan,nan,nan,0,x0A",Could not parse tag position line.
1781131324.092395,COM5,1,1,"POS,0,4CAD,nan,nan,nan,0,x0A",Could not parse tag position line.
1781131324.190701,COM5,1,1,"POS,0,4CAD,nan,nan,nan,0,x0A",Could not parse tag position line.
1781131324.2906525,COM5,1,1,"POS,0,4CAD,nan,nan,nan,0,x0A",Could not parse tag position line.
1781131324.3917773,COM5,1,1,"POS,0,4CAD,nan,nan,nan,0,x0A",Could not parse tag position line.
1781131324.4924138,COM5,1,1,"POS,0,4CAD,nan,nan,nan,0,x0A",Could not parse tag position line.
1781131324.5915043,COM5,1,1,"POS,0,4CAD,nan,nan,nan,0,x0A",Could not parse tag position line.
1781131324.6908228,COM5,1,1,"POS,0,4CAD,nan,nan,nan,0,x0A",Could not parse tag position line.
1781131324.791226,COM5,1,1,"POS,0,4CAD,nan,nan,nan,0,x0A",Could not parse tag position line.
1781131324.8914268,COM5,1,1,"POS,0,4CAD,nan,nan,nan,0,x0A",Could not parse tag position line.
1781131324.99158,COM5,1,1,"POS,0,4CAD,nan,nan,nan,0,x0A",Could not parse tag position line.
1781131325.0921216,COM5,1,1,"POS,0,4CAD,nan,nan,nan,0,x0A",Could not parse tag position line.
1781131325.1909933,COM5,1,1,"POS,0,4CAD,nan,nan,nan,0,x0A",Could not parse tag position line.
1781131325.2913344,COM5,1,1,"POS,0,4CAD,nan,nan,nan,0,x0A",Could not parse tag position line.
1781131325.3916264,COM5,1,1,"POS,0,4CAD,nan,nan,nan,0,x0A",Could not parse tag position line.
1781131325.4909346,COM5,1,1,"POS,0,4CAD,nan,nan,nan,0,x0A",Could not parse tag position line.
1781131325.591505,COM5,1,1,"POS,0,4CAD,nan,nan,nan,0,x0A",Could not parse tag position line.
1781131325.6913297,COM5,1,1,"POS,0,4CAD,nan,nan,nan,0,x0A",Could not parse tag position line.
1781131325.7914317,COM5,1,1,"POS,0,4CAD,nan,nan,nan,0,x0A",Could not parse tag position line.
1781131325.8911498,COM5,1,1,"POS,0,4CAD,nan,nan,nan,0,x0A",Could not parse tag position line.
1781131325.9907932,COM5,1,1,"POS,0,4CAD,nan,nan,nan,0,x0A",Could not parse tag position line.
1781131326.090987,COM5,1,1,"POS,0,4CAD,nan,nan,nan,0,x0A",Could not parse tag position line.
1781131326.1918588,COM5,1,1,"POS,0,4CAD,nan,nan,nan,0,x0A",Could not parse tag position line.
1781131326.292085,COM5,1,1,"POS,0,4CAD,nan,nan,nan,0,x0A",Could not parse tag position line.
1781131326.3909721,COM5,1,1,"POS,0,4CAD,nan,nan,nan,0,x0A",Could not parse tag position line.
1781131326.4904616,COM5,1,1,"POS,0,4CAD,nan,nan,nan,0,x0A",Could not parse tag position line.
1781131326.5910597,COM5,1,1,"POS,0,4CAD,nan,nan,nan,0,x0A",Could not parse tag position line.
1781131326.6910248,COM5,1,1,"POS,0,4CAD,nan,nan,nan,0,x0A",Could not parse tag position line.
1781131326.7917938,COM5,1,1,"POS,0,4CAD,nan,nan,nan,0,x0A",Could not parse tag position line.
1781131326.891339,COM5,1,1,"POS,0,4CAD,nan,nan,nan,0,x0A",Could not parse tag position line.
1781131326.9909918,COM5,1,1,"POS,0,4CAD,nan,nan,nan,0,x0A",Could not parse tag position line.
1781131327.0912774,COM5,1,1,"POS,0,4CAD,nan,nan,nan,0,x0A",Could not parse tag position line.
1781131327.1911871,COM5,1,1,"POS,0,4CAD,nan,nan,nan,0,x0A",Could not parse tag position line.
1781131327.291272,COM5,1,1,"POS,0,4CAD,nan,nan,nan,0,x0A",Could not parse tag position line.
1781131327.3912053,COM5,1,1,"POS,0,4CAD,nan,nan,nan,0,x0A",Could not parse tag position line.
1781131327.4919784,COM5,1,1,"POS,0,4CAD,nan,nan,nan,0,x0A",Could not parse tag position line.
1781131327.5908086,COM5,1,1,"POS,0,4CAD,nan,nan,nan,0,x0A",Could not parse tag position line.
1781131327.692074,COM5,1,1,"POS,0,4CAD,nan,nan,nan,0,x0A",Could not parse tag position line.
1781131327.7919168,COM5,1,1,"POS,0,4CAD,nan,nan,nan,0,x0A",Could not parse tag position line.
1781131327.8907912,COM5,1,1,"POS,0,4CAD,nan,nan,nan,0,x0A",Could not parse tag position line.
1781131327.991546,COM5,1,1,"POS,0,4CAD,nan,nan,nan,0,x0A",Could not parse tag position line.
1781131328.0915484,COM5,1,1,"POS,0,4CAD,nan,nan,nan,0,x0A",Could not parse tag position line.
1781131328.190495,COM5,1,1,"POS,0,4CAD,nan,nan,nan,0,x0A",Could not parse tag position line.
1781131328.2911916,COM5,1,1,"POS,0,4CAD,nan,nan,nan,0,x0A",Could not parse tag position line.
1781131328.3919983,COM5,1,1,"POS,0,4CAD,nan,nan,nan,0,x0A",Could not parse tag position line.
1781131328.492026,COM5,1,1,"POS,0,4CAD,nan,nan,nan,0,x0A",Could not parse tag position line.
1781131328.5910058,COM5,1,1,"POS,0,4CAD,nan,nan,nan,0,x0A",Could not parse tag position line.
1781131328.6927958,COM5,1,1,"POS,0,4CAD,nan,nan,nan,0,x0A",Could not parse tag position line.
1781131328.7915738,COM5,1,1,"POS,0,4CAD,nan,nan,nan,0,x0A",Could not parse tag position line.
1781131328.8907702,COM5,1,1,"POS,0,4CAD,nan,nan,nan,0,x0A",Could not parse tag position line.
1781131328.9909225,COM5,1,1,"POS,0,4CAD,nan,nan,nan,0,x0A",Could not parse tag position line.
1781131329.0916002,COM5,1,1,"POS,0,4CAD,nan,nan,nan,0,x0A",Could not parse tag position line.
1781131329.1920547,COM5,1,1,"POS,0,4CAD,nan,nan,nan,0,x0A",Could not parse tag position line.
1781131329.2910047,COM5,1,1,"POS,0,4CAD,nan,nan,nan,0,x0A",Could not parse tag position line.
1781131329.3914783,COM5,1,1,"POS,0,4CAD,nan,nan,nan,0,x0A",Could not parse tag position line.
1781131329.4904518,COM5,1,1,"POS,0,4CAD,nan,nan,nan,0,x0A",Could not parse tag position line.
1781131329.591619,COM5,1,1,"POS,0,4CAD,nan,nan,nan,0,x0A",Could not parse tag position line.
1781131329.6910846,COM5,1,1,"POS,0,4CAD,nan,nan,nan,0,x0A",Could not parse tag position line.
1781131329.7908404,COM5,1,1,"POS,0,4CAD,nan,nan,nan,0,x0A",Could not parse tag position line.
1781131329.891141,COM5,1,1,"POS,0,4CAD,nan,nan,nan,0,x0A",Could not parse tag position line.
1781131329.9910107,COM5,1,1,"POS,0,4CAD,nan,nan,nan,0,x0A",Could not parse tag position line.
1781131330.091153,COM5,1,1,"POS,0,4CAD,nan,nan,nan,0,x0A",Could not parse tag position line.
1781131330.1912065,COM5,1,1,"POS,0,4CAD,nan,nan,nan,0,x0A",Could not parse tag position line.
1781131330.2913945,COM5,1,1,"POS,0,4CAD,nan,nan,nan,0,x0A",Could not parse tag position line.
1781131330.3905983,COM5,1,1,"POS,0,4CAD,nan,nan,nan,0,x0A",Could not parse tag position line.
1781131330.4905257,COM5,1,1,"POS,0,4CAD,nan,nan,nan,0,x0A",Could not parse tag position line.
1781131330.5916252,COM5,1,1,"POS,0,4CAD,nan,nan,nan,0,x0A",Could not parse tag position line.
1781131330.6912782,COM5,1,1,"POS,0,4CAD,nan,nan,nan,0,x0A",Could not parse tag position line.
1781131330.7913034,COM5,1,1,"POS,0,4CAD,nan,nan,nan,0,x0A",Could not parse tag position line.
1781131330.8912,COM5,1,1,"POS,0,4CAD,nan,nan,nan,0,x0A",Could not parse tag position line.
1781131330.991796,COM5,1,1,"POS,0,4CAD,nan,nan,nan,0,x0A",Could not parse tag position line.
1781131331.091476,COM5,1,1,"POS,0,4CAD,nan,nan,nan,0,x0A",Could not parse tag position line.
1781131331.1905975,COM5,1,1,"POS,0,4CAD,nan,nan,nan,0,x0A",Could not parse tag position line.
1781131331.291748,COM5,1,1,"POS,0,4CAD,nan,nan,nan,0,x0A",Could not parse tag position line.
1781131331.3916237,COM5,1,1,"POS,0,4CAD,nan,nan,nan,0,x0A",Could not parse tag position line.
1781131331.4907722,COM5,1,1,"POS,0,4CAD,nan,nan,nan,0,x0A",Could not parse tag position line.
1781131331.5911055,COM5,1,1,"POS,0,4CAD,nan,nan,nan,0,x0A",Could not parse tag position line.
1781131331.6908894,COM5,1,1,"POS,0,4CAD,nan,nan,nan,0,x0A",Could not parse tag position line.
1781131331.7915707,COM5,1,1,"POS,0,4CAD,nan,nan,nan,0,x0A",Could not parse tag position line.
1781131331.8910887,COM5,1,1,"POS,0,4CAD,nan,nan,nan,0,x0A",Could not parse tag position line.
1781131331.9913235,COM5,1,1,"POS,0,4CAD,nan,nan,nan,0,x0A",Could not parse tag position line.
1781131332.0922391,COM5,1,1,"POS,0,4CAD,nan,nan,nan,0,x0A",Could not parse tag position line.
1781131332.1922958,COM5,1,1,"POS,0,4CAD,nan,nan,nan,0,x0A",Could not parse tag position line.
1781131332.2917104,COM5,1,1,"POS,0,4CAD,nan,nan,nan,0,x0A",Could not parse tag position line.
1781131332.3908627,COM5,1,1,"POS,0,4CAD,nan,nan,nan,0,x0A",Could not parse tag position line.
1781131332.4912686,COM5,1,1,"POS,0,4CAD,nan,nan,nan,0,x0A",Could not parse tag position line.
1781131332.5916967,COM5,1,1,"POS,0,4CAD,nan,nan,nan,0,x0A",Could not parse tag position line.
1781131332.690634,COM5,1,1,"POS,0,4CAD,nan,nan,nan,0,x0A",Could not parse tag position line.
1781131332.790636,COM5,1,1,"POS,0,4CAD,nan,nan,nan,0,x0A",Could not parse tag position line.
1781131332.8919444,COM5,1,1,"POS,0,4CAD,nan,nan,nan,0,x0A",Could not parse tag position line.
1781131332.9911313,COM5,1,1,"POS,0,4CAD,nan,nan,nan,0,x0A",Could not parse tag position line.
1781131333.0912344,COM5,1,1,"POS,0,4CAD,nan,nan,nan,0,x0A",Could not parse tag position line.
1781131333.1906168,COM5,1,1,"POS,0,4CAD,nan,nan,nan,0,x0A",Could not parse tag position line.
1781131333.291508,COM5,1,1,"POS,0,4CAD,nan,nan,nan,0,x0A",Could not parse tag position line.
1781131333.390746,COM5,1,1,"POS,0,4CAD,nan,nan,nan,0,x0A",Could not parse tag position line.
1781131333.4907942,COM5,1,1,"POS,0,4CAD,nan,nan,nan,0,x0A",Could not parse tag position line.
1781131333.5907836,COM5,1,1,"POS,0,4CAD,nan,nan,nan,0,x0A",Could not parse tag position line.
1781131333.6903765,COM5,1,1,"POS,0,4CAD,nan,nan,nan,0,x0A",Could not parse tag position line.
1781131333.7913232,COM5,1,1,"POS,0,4CAD,nan,nan,nan,0,x0A",Could not parse tag position line.
1781131333.8914707,COM5,1,1,"POS,0,4CAD,nan,nan,nan,0,x0A",Could not parse tag position line.
1781131333.9915483,COM5,1,1,"POS,0,4CAD,nan,nan,nan,0,x0A",Could not parse tag position line.
1781131334.0909722,COM5,1,1,"POS,0,4CAD,nan,nan,nan,0,x0A",Could not parse tag position line.
1781131334.1914818,COM5,1,1,"POS,0,4CAD,nan,nan,nan,0,x0A",Could not parse tag position line.
1781131334.2911837,COM5,1,1,"POS,0,4CAD,nan,nan,nan,0,x0A",Could not parse tag position line.
1781131334.3907218,COM5,1,1,"POS,0,4CAD,nan,nan,nan,0,x0A",Could not parse tag position line.
1781131334.4919086,COM5,1,1,"POS,0,4CAD,nan,nan,nan,0,x0A",Could not parse tag position line.
1781131334.5911174,COM5,1,1,"POS,0,4CAD,nan,nan,nan,0,x0A",Could not parse tag position line.
1781131334.6905825,COM5,1,1,"POS,0,4CAD,nan,nan,nan,0,x0A",Could not parse tag position line.
1781131334.790796,COM5,1,1,"POS,0,4CAD,nan,nan,nan,0,x0A",Could not parse tag position line.
1781131334.8919256,COM5,1,1,"POS,0,4CAD,nan,nan,nan,0,x0A",Could not parse tag position line.
1781131334.990372,COM5,1,1,"POS,0,4CAD,nan,nan,nan,0,x0A",Could not parse tag position line.
1781131335.0916429,COM5,1,1,"POS,0,4CAD,nan,nan,nan,0,x0A",Could not parse tag position line.
1781131335.1917772,COM5,1,1,"POS,0,4CAD,nan,nan,nan,0,x0A",Could not parse tag position line.
1781131335.2917027,COM5,1,1,"POS,0,4CAD,nan,nan,nan,0,x0A",Could not parse tag position line.
1781131335.3911424,COM5,1,1,"POS,0,4CAD,nan,nan,nan,0,x0A",Could not parse tag position line.
1781131335.4917574,COM5,1,1,"POS,0,4CAD,nan,nan,nan,0,x0A",Could not parse tag position line.
1781131335.5906484,COM5,1,1,"POS,0,4CAD,nan,nan,nan,0,x0A",Could not parse tag position line.
1781131335.6909864,COM5,1,1,"POS,0,4CAD,nan,nan,nan,0,x0A",Could not parse tag position line.
1781131335.7906036,COM5,1,1,"POS,0,4CAD,nan,nan,nan,0,x0A",Could not parse tag position line.
1781131335.8919091,COM5,1,1,"POS,0,4CAD,nan,nan,nan,0,x0A",Could not parse tag position line.
1781131335.991923,COM5,1,1,"POS,0,4CAD,nan,nan,nan,0,x0A",Could not parse tag position line.
1781131336.0920057,COM5,1,1,"POS,0,4CAD,nan,nan,nan,0,x0A",Could not parse tag position line.
1781131336.1904242,COM5,1,1,"POS,0,4CAD,nan,nan,nan,0,x0A",Could not parse tag position line.
1781131336.291202,COM5,1,1,"POS,0,4CAD,nan,nan,nan,0,x0A",Could not parse tag position line.
1781131336.3915262,COM5,1,1,"POS,0,4CAD,nan,nan,nan,0,x0A",Could not parse tag position line.
1781131336.4915884,COM5,1,1,"POS,0,4CAD,nan,nan,nan,0,x0A",Could not parse tag position line.
1781131336.5904815,COM5,1,1,"POS,0,4CAD,nan,nan,nan,0,x0A",Could not parse tag position line.
1781131336.6922014,COM5,1,1,"POS,0,4CAD,nan,nan,nan,0,x0A",Could not parse tag position line.
1781131336.7903702,COM5,1,1,"POS,0,4CAD,nan,nan,nan,0,x0A",Could not parse tag position line.
1781131336.89055,COM5,1,1,"POS,0,4CAD,nan,nan,nan,0,x0A",Could not parse tag position line.
1781131336.9908533,COM5,1,1,"POS,0,4CAD,nan,nan,nan,0,x0A",Could not parse tag position line.
1781131337.1911194,COM5,1,1,"POS,0,4CAD,nan,nan,nan,0,x0A",Could not parse tag position line.
1781131337.2912488,COM5,1,1,"POS,0,4CAD,nan,nan,nan,0,x0A",Could not parse tag position line.
1781131337.3912506,COM5,1,1,"POS,0,4CAD,nan,nan,nan,0,x0A",Could not parse tag position line.
1781131337.4916196,COM5,1,1,"POS,0,4CAD,nan,nan,nan,0,x0A",Could not parse tag position line.
1781131337.5920439,COM5,1,1,"POS,0,4CAD,nan,nan,nan,0,x0A",Could not parse tag position line.
1781131337.6920257,COM5,1,1,"POS,0,4CAD,nan,nan,nan,0,x0A",Could not parse tag position line.
1781131337.790913,COM5,1,1,"POS,0,4CAD,nan,nan,nan,0,x0A",Could not parse tag position line.
1781131337.8905306,COM5,1,1,"POS,0,4CAD,nan,nan,nan,0,x0A",Could not parse tag position line.
1781131337.9907365,COM5,1,1,"POS,0,4CAD,nan,nan,nan,0,x0A",Could not parse tag position line.
1781131338.091254,COM5,1,1,"POS,0,4CAD,nan,nan,nan,0,x0A",Could not parse tag position line.
1781131338.191254,COM5,1,1,"POS,0,4CAD,nan,nan,nan,0,x0A",Could not parse tag position line.
1781131338.292093,COM5,1,1,"POS,0,4CAD,nan,nan,nan,0,x0A",Could not parse tag position line.
1781131338.3906863,COM5,1,1,"POS,0,4CAD,nan,nan,nan,0,x0A",Could not parse tag position line.
1781131338.4906719,COM5,1,1,"POS,0,4CAD,nan,nan,nan,0,x0A",Could not parse tag position line.
1781131338.5908895,COM5,1,1,"POS,0,4CAD,nan,nan,nan,0,x0A",Could not parse tag position line.
1781131338.6915996,COM5,1,1,"POS,0,4CAD,nan,nan,nan,0,x0A",Could not parse tag position line.
1781131338.7915983,COM5,1,1,"POS,0,4CAD,nan,nan,nan,0,x0A",Could not parse tag position line.
1781131338.8909626,COM5,1,1,"POS,0,4CAD,nan,nan,nan,0,x0A",Could not parse tag position line.
1781131338.9909713,COM5,1,1,"POS,0,4CAD,nan,nan,nan,0,x0A",Could not parse tag position line.
1781131339.0909772,COM5,1,1,"POS,0,4CAD,nan,nan,nan,0,x0A",Could not parse tag position line.
1781131339.1917684,COM5,1,1,"POS,0,4CAD,nan,nan,nan,0,x0A",Could not parse tag position line.
1781131339.2904594,COM5,1,1,"POS,0,4CAD,nan,nan,nan,0,x0A",Could not parse tag position line.
1781131339.3920748,COM5,1,1,"POS,0,4CAD,nan,nan,nan,0,x0A",Could not parse tag position line.
1781131339.490511,COM5,1,1,"POS,0,4CAD,nan,nan,nan,0,x0A",Could not parse tag position line.
1781131339.5905874,COM5,1,1,"POS,0,4CAD,nan,nan,nan,0,x0A",Could not parse tag position line.
1781131339.691786,COM5,1,1,"POS,0,4CAD,nan,nan,nan,0,x0A",Could not parse tag position line.
1781131339.790949,COM5,1,1,"POS,0,4CAD,nan,nan,nan,0,x0A",Could not parse tag position line.
1781131339.8917532,COM5,1,1,"POS,0,4CAD,nan,nan,nan,0,x0A",Could not parse tag position line.
1781131339.9908342,COM5,1,1,"POS,0,4CAD,nan,nan,nan,0,x0A",Could not parse tag position line.
1781131340.0914469,COM5,1,1,"POS,0,4CAD,nan,nan,nan,0,x0A",Could not parse tag position line.
1781131340.1908536,COM5,1,1,"POS,0,4CAD,nan,nan,nan,0,x0A",Could not parse tag position line.
1781131340.2913148,COM5,1,1,"POS,0,4CAD,nan,nan,nan,0,x0A",Could not parse tag position line.
1781131340.3917358,COM5,1,1,"POS,0,4CAD,nan,nan,nan,0,x0A",Could not parse tag position line.
1781131340.491751,COM5,1,1,"POS,0,4CAD,nan,nan,nan,0,x0A",Could not parse tag position line.
1781131340.5910656,COM5,1,1,"POS,0,4CAD,nan,nan,nan,0,x0A",Could not parse tag position line.
1781131340.6904297,COM5,1,1,"POS,0,4CAD,nan,nan,nan,0,x0A",Could not parse tag position line.
1781131340.7905717,COM5,1,1,"POS,0,4CAD,nan,nan,nan,0,x0A",Could not parse tag position line.
1781131340.8917358,COM5,1,1,"POS,0,4CAD,nan,nan,nan,0,x0A",Could not parse tag position line.
1781131340.9916294,COM5,1,1,"POS,0,4CAD,nan,nan,nan,0,x0A",Could not parse tag position line.
1781131341.0908325,COM5,1,1,"POS,0,4CAD,nan,nan,nan,0,x0A",Could not parse tag position line.
1781131341.191034,COM5,1,1,"POS,0,4CAD,nan,nan,nan,0,x0A",Could not parse tag position line.
1781131341.29103,COM5,1,1,"POS,0,4CAD,nan,nan,nan,0,x0A",Could not parse tag position line.
1781131341.391891,COM5,1,1,"POS,0,4CAD,nan,nan,nan,0,x0A",Could not parse tag position line.
1781131341.4912755,COM5,1,1,"POS,0,4CAD,nan,nan,nan,0,x0A",Could not parse tag position line.
1781131341.5908618,COM5,1,1,"POS,0,4CAD,nan,nan,nan,0,x0A",Could not parse tag position line.
1781131341.6915653,COM5,1,1,"POS,0,4CAD,nan,nan,nan,0,x0A",Could not parse tag position line.
1781131341.7917469,COM5,1,1,"POS,0,4CAD,nan,nan,nan,0,x0A",Could not parse tag position line.
1781131341.8906395,COM5,1,1,"POS,0,4CAD,nan,nan,nan,0,x0A",Could not parse tag position line.
1781131341.9906898,COM5,1,1,"POS,0,4CAD,nan,nan,nan,0,x0A",Could not parse tag position line.
1781131342.0908358,COM5,1,1,"POS,0,4CAD,nan,nan,nan,0,x0A",Could not parse tag position line.
1781131342.1910987,COM5,1,1,"POS,0,4CAD,nan,nan,nan,0,x0A",Could not parse tag position line.
1781131342.29079,COM5,1,1,"POS,0,4CAD,nan,nan,nan,0,x0A",Could not parse tag position line.
1781131342.3915195,COM5,1,1,"POS,0,4CAD,nan,nan,nan,0,x0A",Could not parse tag position line.
1781131342.4911644,COM5,1,1,"POS,0,4CAD,nan,nan,nan,0,x0A",Could not parse tag position line.
1781131342.5914643,COM5,1,1,"POS,0,4CAD,nan,nan,nan,0,x0A",Could not parse tag position line.
1781131342.6907191,COM5,1,1,"POS,0,4CAD,nan,nan,nan,0,x0A",Could not parse tag position line.
1781131342.7920606,COM5,1,1,"POS,0,4CAD,nan,nan,nan,0,x0A",Could not parse tag position line.
1781131342.8920927,COM5,1,1,"POS,0,4CAD,nan,nan,nan,0,x0A",Could not parse tag position line.
1781131342.9907007,COM5,1,1,"POS,0,4CAD,nan,nan,nan,0,x0A",Could not parse tag position line.
1781131343.0919893,COM5,1,1,"POS,0,4CAD,nan,nan,nan,0,x0A",Could not parse tag position line.
1781131343.1926384,COM5,1,1,"POS,0,4CAD,nan,nan,nan,0,x0A",Could not parse tag position line.
1781131343.2917473,COM5,1,1,"POS,0,4CAD,nan,nan,nan,0,x0A",Could not parse tag position line.
1781131343.391115,COM5,1,1,"POS,0,4CAD,nan,nan,nan,0,x0A",Could not parse tag position line.
1781131343.4917138,COM5,1,1,"POS,0,4CAD,nan,nan,nan,0,x0A",Could not parse tag position line.
1781131343.591666,COM5,1,1,"POS,0,4CAD,nan,nan,nan,0,x0A",Could not parse tag position line.
1781131343.6908512,COM5,1,1,"POS,0,4CAD,nan,nan,nan,0,x0A",Could not parse tag position line.
1781131343.7909453,COM5,1,1,"POS,0,4CAD,nan,nan,nan,0,x0A",Could not parse tag position line.
