Time,Tag1_Raw_X,Tag1_Raw_Y,Tag1_Raw_Z,Tag1_Aligned_X,Tag1_Aligned_Y,Tag1_Aligned_Z,Tag1_Center_X,Tag1_Center_Y,Tag1_Center_Z,Tag1_Quality,Tag1_ID,Tag2_Raw_X,Tag2_Raw_Y,Tag2_Raw_Z,Tag2_Aligned_X,Tag2_Aligned_Y,Tag2_Aligned_Z,Tag2_Center_X,Tag2_Center_Y,Tag2_Center_Z,Tag2_Quality,Tag2_ID,Fused_X,Fused_Y,Fused_Z,Fused_Quality,HolderYawRad,HolderYawDeg,YawSource,FusionMode,PositionType
1780349775.1575415,-0.23,0.6,0.37,-0.23,0.6,0.37,-0.3366295655764119,0.5321959754514108,0.357,44.0,4D18,-0.67,-0.14,0.48,-6.294,-3.2560000000000002,-0.776,-6.187370434423587,-3.188195975451411,-0.789,49.0,4CAD,-3.4192779803453535,-1.428010536314592,-0.24680645161290327,46.5,2.284117400110062,130.87028693870096,current_two_tags,two_tag_rotated_center_quality_weighted,two_listener_fused_center_position
1780349775.1607783,-0.23,0.6,0.37,-0.23,0.6,0.37,-0.3365499317682428,0.5320709043179375,0.357,44.0,4D18,-0.67,-0.15,0.46,-6.294,-3.266,-0.796,-6.187450068231756,-3.1980709043179374,-0.809,47.0,4CAD,-3.3584434088428043,-1.3944858539885034,-0.24521978021978025,45.5,2.2852907879891124,130.93751711190234,current_two_tags,two_tag_rotated_center_quality_weighted,two_listener_fused_center_position
1780349775.1643872,-0.23,0.6,0.37,-0.23,0.6,0.37,-0.3366295655764119,0.5321959754514108,0.357,44.0,4D18,-0.67,-0.14,0.45,-6.294,-3.2560000000000002,-0.806,-6.187370434423587,-3.188195975451411,-0.8190000000000001,48.0,4CAD,-3.3891900188879815,-1.4088780858891918,-0.2565652173913044,46.0,2.284117400110062,130.87028693870096,current_two_tags,two_tag_rotated_center_quality_weighted,two_listener_fused_center_position
1780349775.1684155,-0.23,0.6,0.37,-0.23,0.6,0.37,-0.33639058264549115,0.5318216022162964,0.357,44.0,4D18,-0.67,-0.17,0.48,-6.294,-3.286,-0.776,-6.187609417354508,-3.217821602216296,-0.789,53.0,4CAD,-3.533448296455573,-1.5169525197932647,-0.2691649484536083,48.5,2.2876323056512007,131.07167619159534,current_two_tags,two_tag_rotated_center_quality_weighted,two_listener_fused_center_position
1780349775.1724224,-0.23,0.6,0.37,-0.23,0.6,0.37,-0.33636200198702415,0.5317770234209012,0.357,44.0,4D18,-0.68,-0.18,0.5,-6.303999999999999,-3.2960000000000003,-0.756,-6.197637998012976,-3.2277770234209013,-0.769,53.0,4CAD,-3.5389148657950185,-1.5224123011421458,-0.2582371134020619,48.5,2.2880513726610783,131.0956869625945,current_two_tags,two_tag_rotated_center_quality_weighted,two_listener_fused_center_position
1780349775.17563,-0.23,0.6,0.37,-0.23,0.6,0.37,-0.33652110786965383,0.5320257138454432,0.357,44.0,4D18,-0.68,-0.16,0.48,-6.303999999999999,-3.2760000000000002,-0.776,-6.197478892130346,-3.2080257138454433,-0.789,48.0,4CAD,-3.3944121257447972,-1.4193054658193673,-0.2409130434782609,46.0,2.285714970195137,130.96182096205212,current_two_tags,two_tag_rotated_center_quality_weighted,two_listener_fused_center_position
1780349775.1777925,-0.23,0.6,0.37,-0.23,0.6,0.37,-0.33620279355025473,0.5315294468977942,0.357,44.0,4D18,-0.68,-0.2,0.55,-6.303999999999999,-3.3160000000000003,-0.706,-6.197797206449745,-3.2475294468977944,-0.719,60.0,4CAD,-3.7178918779153447,-1.6486968379842761,-0.2637692307692307,52.0,2.2903807933022633,131.22915293404506,current_two_tags,two_tag_rotated_center_quality_weighted,two_listener_fused_center_position
1780349775.1810246,-0.23,0.6,0.37,-0.23,0.6,0.37,-0.33617454758665255,0.5314856551898096,0.357,44.0,4D18,-0.69,-0.21,0.55,-6.314,-3.326,-0.706,-6.207825452413347,-3.25748565518981,-0.719,52.0,4CAD,-3.516652121034446,-1.5208738045991512,-0.22583333333333333,48.0,2.290793188590099,131.25278144352913,current_two_tags,two_tag_rotated_center_quality_weighted,two_listener_fused_center_position
1780349775.1838052,-0.23,0.6,0.37,-0.23,0.6,0.37,-0.33609502918151457,0.5313625846715251,0.357,44.0,4D18,-0.69,-0.22,0.55,-6.314,-3.3360000000000003,-0.706,-6.207904970818485,-3.2673625846715253,-0.719,53.0,4CAD,-3.544403553993468,-1.5442295181653996,-0.2309175257731959,48.5,2.291952756591961,131.31921979609422,current_two_tags,two_tag_rotated_center_quality_weighted,two_listener_fused_center_position
1780349775.18905,-0.29,0.7,0.4,-0.29,0.7,0.4,-0.3949780553179267,0.6296660970678697,0.387,51.0,4D18,-0.69,-0.22,0.55,-6.314,-3.3360000000000003,-0.706,-6.209021944682073,-3.26566609706787,-0.719,53.0,4CAD,-3.357904268166963,-1.3554551172513054,-0.1766346153846154,52.0,2.3080272937864716,132.24022293496577,current_two_tags,two_tag_rotated_center_quality_weighted,two_listener_fused_center_position
1780349775.1920042,-0.29,0.7,0.4,-0.29,0.7,0.4,-0.39492397246198707,0.6295854418263085,0.387,51.0,4D18,-0.68,-0.22,0.57,-6.303999999999999,-3.3360000000000003,-0.686,-6.199076027538013,-3.265585441826309,-0.6990000000000001,55.0,4CAD,-3.4065123029259627,-1.391493790257597,-0.17649056603773589,53.0,2.3087957974397684,132.28425495084005,current_two_tags,two_tag_rotated_center_quality_weighted,two_listener_fused_center_position
1780349775.2771726,-0.29,0.7,0.4,-0.29,0.7,0.4,-0.3949505669582548,0.6296250861802242,0.387,51.0,4D18,-0.67,-0.21,0.53,-6.294,-3.326,-0.726,-6.1890494330417445,-3.255625086180224,-0.739,48.0,4CAD,-3.2042106232411585,-1.2541325731460538,-0.1589393939393939,49.5,2.3084180064647066,132.2626091224309,current_two_tags,two_tag_rotated_center_quality_weighted,two_listener_fused_center_position
1780349775.281876,-0.22,0.56,0.45,-0.22,0.56,0.45,-0.32644156810161673,0.49190122923232105,0.437,58.0,4D18,-0.67,-0.21,0.53,-6.294,-3.326,-0.726,-6.187558431898383,-3.257901229232321,-0.739,48.0,4CAD,-2.9805322234058123,-1.2061225255441204,-0.09552830188679247,53.0,2.2868840445258978,131.02880398714177,current_two_tags,two_tag_rotated_center_quality_weighted,two_listener_fused_center_position
1780349775.385137,-0.23,0.63,0.41,-0.23,0.63,0.41,-0.33583207947434357,0.5609578320579645,0.39699999999999996,47.0,4D18,-0.67,-0.21,0.53,-6.294,-3.326,-0.726,-6.188167920525656,-3.2569578320579646,-0.739,48.0,4CAD,-3.2928017675844803,-1.3680942929690312,-0.17697894736842107,47.5,2.2957724861584574,131.5380741791358,current_two_tags,two_tag_rotated_center_quality_weighted,two_listener_fused_center_position
1780349775.4158585,-0.23,0.63,0.41,-0.23,0.63,0.41,-0.3357522034513904,0.5608355476767456,0.39699999999999996,47.0,4D18,-0.67,-0.22,0.52,-6.294,-3.3360000000000003,-0.736,-6.188247796548609,-3.266835547676746,-0.749,50.0,4CAD,-3.3525025091716065,-1.4121907901343327,-0.1937216494845361,48.5,2.296928378892197,131.60430195434893,current_two_tags,two_tag_rotated_center_quality_weighted,two_listener_fused_center_position
1780349775.4770823,-0.23,0.63,0.41,-0.23,0.63,0.41,-0.33711598471979415,0.5629670542381671,0.39699999999999996,47.0,4D18,-0.56,0.02,0.47,-6.183999999999999,-3.096,-0.786,-6.076884015280205,-3.028967054238167,-0.799,42.0,4CAD,-3.045770560939314,-1.1321029744810018,-0.1674044943820225,44.5,2.2769025089384662,130.45690412492232,current_two_tags,two_tag_rotated_center_quality_weighted,two_listener_fused_center_position
1780349775.4818678,-0.28,0.71,0.4,-0.28,0.71,0.4,-0.3862060574522687,0.6415345097114947,0.387,47.0,4D18,-0.56,0.02,0.47,-6.183999999999999,-3.096,-0.786,-6.07779394254773,-3.027534509711495,-0.799,42.0,4CAD,-3.0721239358119248,-1.0899362634993544,-0.17268539325842697,44.5,2.2903331228433754,131.22642161794332,current_two_tags,two_tag_rotated_center_quality_weighted,two_listener_fused_center_position
1780349775.578507,-0.3,0.74,0.38,-0.3,0.74,0.38,-0.40585325315993565,0.6709902992655484,0.367,47.0,4D18,-0.56,0.02,0.47,-6.183999999999999,-3.096,-0.786,-6.078146746840064,-3.0269902992655484,-0.799,42.0,4CAD,-3.0826659130988734,-1.0741241404906996,-0.183247191011236,44.5,2.2954657364472206,131.52049871531509,current_two_tags,two_tag_rotated_center_quality_weighted,two_listener_fused_center_position
1780349775.5815792,-0.3,0.74,0.38,-0.3,0.74,0.38,-0.405767737268781,0.6708593046531777,0.367,47.0,4D18,-0.59,-0.01,0.47,-6.2139999999999995,-3.126,-0.786,-6.108232262731218,-3.0568593046531776,-0.799,49.0,4CAD,-3.3164006721402335,-1.2318304021802744,-0.22814583333333338,48.0,2.2967037478124865,131.59143154153406,current_two_tags,two_tag_rotated_center_quality_weighted,two_listener_fused_center_position
1780349775.6772783,-0.24,0.6,0.42,-0.24,0.6,0.42,-0.3472168754367183,0.533128544044658,0.407,57.0,4D18,-0.59,-0.01,0.47,-6.2139999999999995,-3.126,-0.786,-6.1067831245632815,-3.059128544044658,-0.799,49.0,4CAD,-3.00965787739145,-1.1274431287513464,-0.1504905660377359,53.0,2.27539560257036,130.37056474990843,current_two_tags,two_tag_rotated_center_quality_weighted,two_listener_fused_center_position
1780349775.6993344,-0.24,0.6,0.42,-0.24,0.6,0.42,-0.34702559827978413,0.532822836373852,0.407,57.0,4D18,-0.6,-0.04,0.45,-6.223999999999999,-3.156,-0.806,-6.116974401720215,-3.0888228363738524,-0.8190000000000001,48.0,4CAD,-2.9847164798525534,-1.1227866140250988,-0.15345714285714293,52.5,2.278249448103584,130.53407805434446,current_two_tags,two_tag_rotated_center_quality_weighted,two_listener_fused_center_position
1780349775.778182,-0.26,0.66,0.42,-0.26,0.66,0.42,-0.36643852681851824,0.5918964757982117,0.407,51.0,4D18,-0.6,-0.04,0.45,-6.223999999999999,-3.156,-0.806,-6.117561473181481,-3.0878964757982117,-0.8190000000000001,48.0,4CAD,-3.1548617735399547,-1.1922455613394483,-0.18742424242424247,49.5,2.286928702849733,131.03136272061766,current_two_tags,two_tag_rotated_center_quality_weighted,two_listener_fused_center_position
1780349775.781665,-0.26,0.66,0.42,-0.26,0.66,0.42,-0.36613792739809425,0.5914289392845868,0.407,51.0,4D18,-0.62,-0.09,0.46,-6.244,-3.206,-0.796,-6.137862072601906,-3.137428939284587,-0.809,50.0,4CAD,-3.2234271081920602,-1.254540307531836,-0.19498019801980201,50.5,2.2913274568084674,131.2833927575696,current_two_tags,two_tag_rotated_center_quality_weighted,two_listener_fused_center_position
1780349775.8778508,-0.28,0.71,0.4,-0.28,0.71,0.4,-0.38562707185875117,0.6406445986923425,0.387,46.0,4D18,-0.62,-0.09,0.46,-6.244,-3.206,-0.796,-6.138372928141249,-3.1366445986923424,-0.809,50.0,4CAD,-3.3818488720058855,-1.3266935249455143,-0.2359166666666667,48.0,2.298735073821797,131.7078179486827,current_two_tags,two_tag_rotated_center_quality_weighted,two_listener_fused_center_position
1780349775.8811824,-0.28,0.71,0.4,-0.28,0.71,0.4,-0.38551807621092393,0.640478883835588,0.387,46.0,4D18,-0.63,-0.11,0.46,-6.254,-3.226,-0.796,-6.148481923789076,-3.156478883835588,-0.809,49.0,4CAD,-3.3579941660143917,-1.317951964752703,-0.22988421052631583,47.5,2.300304750645955,131.79775380590644,current_two_tags,two_tag_rotated_center_quality_weighted,two_listener_fused_center_position
1780349775.9801393,-0.29,0.73,0.39,-0.29,0.73,0.39,-0.3953018900213563,0.6601518650361359,0.377,48.0,4D18,-0.63,-0.11,0.46,-6.254,-3.226,-0.796,-6.1486981099786435,-3.156151865036136,-0.809,49.0,4CAD,-3.3016566815461714,-1.2676716687117127,-0.22211340206185573,48.5,2.303407099470044,131.97550530010415,current_two_tags,two_tag_rotated_center_quality_weighted,two_listener_fused_center_position
1780349775.997132,-0.29,0.73,0.39,-0.29,0.73,0.39,-0.3951121164886056,0.6598666059049912,0.377,48.0,4D18,-0.64,-0.14,0.48,-6.263999999999999,-3.2560000000000002,-0.776,-6.158887883511394,-3.1858666059049914,-0.789,51.0,4CAD,-3.3643299358639815,-1.321268685027424,-0.2236666666666667,49.5,2.3061185060072207,132.13085745122854,current_two_tags,two_tag_rotated_center_quality_weighted,two_listener_fused_center_position
1780349776.0778039,-0.23,0.59,0.46,-0.23,0.59,0.46,-0.3365569275598249,0.5220818787876886,0.447,61.0,4D18,-0.64,-0.14,0.48,-6.263999999999999,-3.2560000000000002,-0.776,-6.1574430724401745,-3.188081878787689,-0.789,51.0,4CAD,-2.9871390113892695,-1.1673676893939564,-0.11582142857142856,56.0,2.2851877929961217,130.931615933493,current_two_tags,two_tag_rotated_center_quality_weighted,two_listener_fused_center_position
1780349776.0819306,-0.23,0.59,0.46,-0.23,0.59,0.46,-0.33652794987829904,0.5220364370068298,0.447,61.0,4D18,-0.65,-0.15,0.46,-6.274,-3.266,-0.796,-6.167472050121701,-3.19803643700683,-0.809,47.0,4CAD,-2.8740684379471864,-1.0968841655731887,-0.09959259259259258,54.0,2.2856143064185317,130.95605335250278,current_two_tags,two_tag_rotated_center_quality_weighted,two_listener_fused_center_position
1780349776.1783776,-0.17,0.48,0.49,-0.17,0.48,0.49,-0.2776979901811968,0.4139061809929942,0.477,58.0,4D18,-0.65,-0.15,0.46,-6.274,-3.266,-0.796,-6.1663020098188035,-3.1999061809929943,-0.809,47.0,4CAD,-2.913549313257078,-1.2037050667531153,-0.0986380952380953,52.5,2.2681589365314316,129.9559343281322,current_two_tags,two_tag_rotated_center_quality_weighted,two_listener_fused_center_position
1780349776.181331,-0.17,0.48,0.49,-0.17,0.48,0.49,-0.2770289538039756,0.41282818263865073,0.477,58.0,4D18,-0.69,-0.26,0.78,-6.314,-3.3760000000000003,-0.476,-6.206971046196024,-3.308828182638651,-0.489,89.0,4CAD,-3.8672660029392976,-1.840419548719716,-0.10785714285714287,73.5,2.278199495745687,130.53121599506022,current_two_tags,two_tag_rotated_center_quality_weighted,two_listener_fused_center_position
1780349776.2776148,-0.22,0.57,0.44,-0.22,0.57,0.44,-0.3260669951377344,0.5013192709528224,0.427,45.0,4D18,-0.69,-0.26,0.78,-6.314,-3.3760000000000003,-0.476,-6.207933004862266,-3.3073192709528225,-0.489,89.0,4CAD,-4.232679494133878,-2.0282988650889866,-0.18138805970149252,67.0,2.2923610645183192,131.3426141170163,current_two_tags,two_tag_rotated_center_quality_weighted,two_listener_fused_center_position
1780349776.284185,-0.22,0.57,0.44,-0.22,0.57,0.44,-0.3275270185995972,0.5036283925832599,0.427,45.0,4D18,-0.6,-0.02,0.67,-6.223999999999999,-3.136,-0.586,-6.116472981400402,-3.06962839258326,-0.599,45.0,4CAD,-3.2219999999999995,-1.2830000000000001,-0.08600000000000002,45.0,2.2707403117819602,130.103836235327,current_two_tags,two_tag_rotated_center_quality_weighted,two_listener_fused_center_position
1780349776.3773453,-0.24,0.64,0.42,-0.24,0.64,0.42,-0.3468644675481763,0.572566806573878,0.407,49.0,4D18,-0.6,-0.02,0.67,-6.223999999999999,-3.136,-0.586,-6.117135532451823,-3.068566806573878,-0.599,45.0,4CAD,-3.109228275214816,-1.1705290720606862,-0.07459574468085109,47.0,2.280643478669699,130.67124590180813,current_two_tags,two_tag_rotated_center_quality_weighted,two_listener_fused_center_position
1780349776.380157,-0.24,0.64,0.42,-0.24,0.64,0.42,-0.3467542869681192,0.5723925136251284,0.407,49.0,4D18,-0.61,-0.04,0.6,-6.234,-3.156,-0.656,-6.127245713031881,-3.0883925136251285,-0.669,46.0,4CAD,-3.1457290827463615,-1.2001981311486802,-0.11401052631578949,47.5,2.282275291480035,130.76474188879578,current_two_tags,two_tag_rotated_center_quality_weighted,two_listener_fused_center_position
1780349776.4780173,-0.27,0.7,0.43,-0.27,0.7,0.43,-0.37611423094801155,0.6313922745580931,0.417,51.0,4D18,-0.61,-0.04,0.6,-6.234,-3.156,-0.656,-6.127885769051988,-3.087392274558093,-0.669,46.0,4CAD,-3.103758465512784,-1.1321550373939129,-0.09801030927835054,48.5,2.2916729395250126,131.30318745912237,current_two_tags,two_tag_rotated_center_quality_weighted,two_listener_fused_center_position
1780349776.4815636,-0.27,0.7,0.43,-0.27,0.7,0.43,-0.376057068991258,0.6313039439488441,0.417,51.0,4D18,-0.63,-0.06,0.55,-6.254,-3.176,-0.706,-6.147942931008742,-3.1073039439488443,-0.719,47.0,4CAD,-3.1442064109792347,-1.1617018798388228,-0.1278163265306122,49.0,2.292505574326902,131.35089391914633,current_two_tags,two_tag_rotated_center_quality_weighted,two_listener_fused_center_position
1780349776.5782874,-0.3,0.75,0.41,-0.3,0.75,0.41,-0.40549220727286206,0.6804396362523922,0.39699999999999996,47.0,4D18,-0.63,-0.06,0.55,-6.254,-3.176,-0.706,-6.148507792727138,-3.1064396362523925,-0.719,47.0,4CAD,-3.277,-1.213,-0.16099999999999998,47.0,2.30067674751829,131.81906765668333,current_two_tags,two_tag_rotated_center_quality_weighted,two_listener_fused_center_position
1780349776.5820704,-0.3,0.75,0.41,-0.3,0.75,0.41,-0.40678717688318056,0.6824444757749575,0.39699999999999996,47.0,4D18,-0.55,0.15,0.52,-6.1739999999999995,-2.966,-0.736,-6.067212823116819,-2.8984444757749577,-0.749,47.0,4CAD,-3.2369999999999997,-1.108,-0.176,47.0,2.281788621136333,130.7368577320875,current_two_tags,two_tag_rotated_center_quality_weighted,two_listener_fused_center_position
1780349776.6777408,-0.23,0.61,0.44,-0.23,0.61,0.44,-0.33827693751347926,0.5448589622227117,0.427,57.0,4D18,-0.55,0.15,0.52,-6.1739999999999995,-2.966,-0.736,-6.06572306248652,-2.9008589622227117,-0.749,47.0,4CAD,-2.9266420132224495,-1.0123404844016624,-0.10446153846153844,52.0,2.2593359212021937,129.45041278718762,current_two_tags,two_tag_rotated_center_quality_weighted,two_listener_fused_center_position
1780349776.7054915,-0.23,0.61,0.44,-0.23,0.61,0.44,-0.33773085250411095,0.5439597590954008,0.427,57.0,4D18,-0.57,0.07,0.48,-6.194,-3.0460000000000003,-0.776,-6.086269147495889,-2.9799597590954012,-0.789,46.0,4CAD,-2.905039217257721,-1.0298295402907827,-0.11606796116504861,51.5,2.2676615277292114,129.9274349030723,current_two_tags,two_tag_rotated_center_quality_weighted,two_listener_fused_center_position
1780349776.7777514,-0.19,0.5,0.48,-0.19,0.5,0.48,-0.298802468102414,0.43574058096416385,0.46699999999999997,91.0,4D18,-0.57,0.07,0.48,-6.194,-3.0460000000000003,-0.776,-6.0851975318975855,-2.981740580964164,-0.789,46.0,4CAD,-2.241679642807362,-0.7117348456687053,0.0452773722627737,68.5,2.25121341974355,128.9850277345185,current_two_tags,two_tag_rotated_center_quality_weighted,two_listener_fused_center_position
1780349776.7805734,-0.19,0.5,0.48,-0.19,0.5,0.48,-0.29850010006497896,0.43523134796917917,0.46699999999999997,91.0,4D18,-0.59,0.02,0.47,-6.2139999999999995,-3.096,-0.786,-6.105499899935021,-3.0312313479691793,-0.799,48.0,4CAD,-2.3037949949841297,-0.7618205182541389,0.029820143884892073,69.5,2.255900267829192,129.25356434904475,current_two_tags,two_tag_rotated_center_quality_weighted,two_listener_fused_center_position
1780349776.8777905,-0.16,0.43,0.5,-0.16,0.43,0.5,-0.26919162027471355,0.36640408769596294,0.487,57.0,4D18,-0.59,0.02,0.47,-6.2139999999999995,-3.096,-0.786,-6.104808379725286,-3.032404087695963,-0.799,48.0,4CAD,-2.93690213888069,-1.1873367924832035,-0.10088571428571438,52.5,2.2451260557436497,128.6362474689643,current_two_tags,two_tag_rotated_center_quality_weighted,two_listener_fused_center_position
1780349776.8810174,-0.16,0.43,0.5,-0.16,0.43,0.5,-0.26892368374491504,0.3659462638135938,0.487,57.0,4D18,-0.6,-0.02,0.46,-6.223999999999999,-3.136,-0.796,-6.1150763162550845,-3.0719462638135937,-0.809,48.0,4CAD,-2.94145060146385,-1.2056617488159778,-0.10545714285714293,52.5,2.24932404828772,128.87677472416695,current_two_tags,two_tag_rotated_center_quality_weighted,two_listener_fused_center_position
1780349776.9792762,-0.21,0.54,0.43,-0.21,0.54,0.43,-0.31781583980602834,0.47409859874842697,0.417,44.0,4D18,-0.6,-0.02,0.46,-6.223999999999999,-3.136,-0.796,-6.116184160193971,-3.070098598748427,-0.809,48.0,4CAD,-3.3430514852258244,-1.375047765162975,-0.22265217391304348,46.0,2.266373271970456,129.8536232851622,current_two_tags,two_tag_rotated_center_quality_weighted,two_listener_fused_center_position
1780349777.0088224,-0.21,0.54,0.43,-0.21,0.54,0.43,-0.31746593587314575,0.4735295356800563,0.417,44.0,4D18,-0.61,-0.07,0.46,-6.234,-3.186,-0.796,-6.126534064126854,-3.1195295356800563,-0.809,50.0,4CAD,-3.4073957913272466,-1.4376720980221314,-0.23512765957446813,47.0,2.2716599409528695,130.1565271055372,current_two_tags,two_tag_rotated_center_quality_weighted,two_listener_fused_center_position
1780349777.0777187,-0.26,0.67,0.51,-0.26,0.67,0.51,-0.36616658882477804,0.6014733233163134,0.497,59.0,4D18,-0.61,-0.07,0.46,-6.234,-3.186,-0.796,-6.127833411175222,-3.117473323316313,-0.809,50.0,4CAD,-3.009133021095624,-1.1044655054142494,-0.1020825688073395,54.5,2.2909093401158076,131.25943643573623,current_two_tags,two_tag_rotated_center_quality_weighted,two_listener_fused_center_position
1780349777.080586,-0.26,0.67,0.51,-0.26,0.67,0.51,-0.3657304444983202,0.6008022897330582,0.497,59.0,4D18,-0.65,-0.15,0.56,-6.274,-3.266,-0.696,-6.16826955550168,-3.196802289733058,-0.709,63.0,4CAD,-3.362123591983661,-1.360255812778133,-0.12577049180327865,61.0,2.297242900615239,131.62232272164442,current_two_tags,two_tag_rotated_center_quality_weighted,two_listener_fused_center_position
1780349777.1781645,-0.27,0.72,0.44,-0.27,0.72,0.44,-0.375273875389285,0.6501096490170403,0.427,43.0,4D18,-0.65,-0.15,0.56,-6.274,-3.266,-0.696,-6.168726124610715,-3.1961096490170404,-0.709,63.0,4CAD,-3.818552098983154,-1.6358508771730265,-0.24816981132075466,53.0,2.303808057466779,131.99847850107906,current_two_tags,two_tag_rotated_center_quality_weighted,two_listener_fused_center_position
1780349777.1816635,-0.27,0.72,0.44,-0.27,0.72,0.44,-0.37524676346533553,0.6500688282661322,0.427,43.0,4D18,-0.66,-0.16,0.52,-6.284,-3.2760000000000002,-0.736,-6.178753236534664,-3.2060688282661323,-0.749,46.0,4CAD,-3.374811906849483,-1.3429910840988586,-0.18082022471910114,44.5,2.3041958650529484,132.0206982390297,current_two_tags,two_tag_rotated_center_quality_weighted,two_listener_fused_center_position
1780349777.2780147,-0.31,0.76,0.41,-0.31,0.76,0.41,-0.4147057701183385,0.6892613846338108,0.39699999999999996,46.0,4D18,-0.66,-0.16,0.52,-6.284,-3.2760000000000002,-0.736,-6.179294229881662,-3.205261384633811,-0.749,46.0,4CAD,-3.297,-1.2580000000000002,-0.176,46.0,2.3118875050417493,132.46139674792207,current_two_tags,two_tag_rotated_center_quality_weighted,two_listener_fused_center_position
1780349777.302527,-0.31,0.76,0.41,-0.31,0.76,0.41,-0.4145982626453114,0.6891025144904106,0.39699999999999996,46.0,4D18,-0.67,-0.18,0.54,-6.294,-3.2960000000000003,-0.716,-6.189401737354689,-3.225102514490411,-0.729,55.0,4CAD,-3.559293224120715,-1.4423952735684527,-0.2161683168316832,50.5,2.3134055848493094,132.54837631385928,current_two_tags,two_tag_rotated_center_quality_weighted,two_listener_fused_center_position
1780349777.3776515,-0.32,0.79,0.42,-0.32,0.79,0.42,-0.42429912223739163,0.7186631714995009,0.407,51.0,4D18,-0.67,-0.18,0.54,-6.294,-3.2960000000000003,-0.716,-6.189700877762608,-3.224663171499501,-0.729,55.0,4CAD,-3.4157811651985885,-1.3274023838301698,-0.18243396226415098,53.0,2.317611883012244,132.78937944596908,current_two_tags,two_tag_rotated_center_quality_weighted,two_listener_fused_center_position
1780349777.3808055,-0.32,0.79,0.42,-0.32,0.79,0.42,-0.42429912223739163,0.7186631714995009,0.407,51.0,4D18,-0.67,-0.18,0.54,-6.294,-3.2960000000000003,-0.716,-6.189700877762608,-3.224663171499501,-0.729,51.0,4CAD,-3.307,-1.253,-0.16100000000000003,51.0,2.317611883012244,132.78937944596908,current_two_tags,two_tag_rotated_center_quality_weighted,two_listener_fused_center_position
1780349777.4783998,-0.33,0.81,0.43,-0.33,0.81,0.43,-0.4340803750504267,0.7383443963854709,0.417,52.0,4D18,-0.67,-0.18,0.54,-6.294,-3.2960000000000003,-0.716,-6.189919624949573,-3.224344396385471,-0.729,51.0,4CAD,-3.2840590327674795,-1.2237636466370345,-0.1504368932038835,51.5,2.3206714437608795,132.96467936402976,current_two_tags,two_tag_rotated_center_quality_weighted,two_listener_fused_center_position
1780349777.4819975,-0.33,0.81,0.43,-0.33,0.81,0.43,-0.43399885992723675,0.7382261389234563,0.417,52.0,4D18,-0.67,-0.19,0.54,-6.294,-3.306,-0.716,-6.190001140072763,-3.2342261389234563,-0.729,52.0,4CAD,-3.312,-1.248,-0.15600000000000003,52.0,2.32180810162388,133.02980506233004,current_two_tags,two_tag_rotated_center_quality_weighted,two_listener_fused_center_position
1780349777.5771165,-0.26,0.65,0.47,-0.26,0.65,0.47,-0.3656749555677806,0.580717579677471,0.45699999999999996,58.0,4D18,-0.67,-0.19,0.54,-6.294,-3.306,-0.716,-6.188325044432219,-3.236717579677471,-0.729,52.0,4CAD,-3.1182004521218785,-1.2238881320175923,-0.1036545454545455,55.0,2.2980442997377497,131.66823950906976,current_two_tags,two_tag_rotated_center_quality_weighted,two_listener_fused_center_position
1780349777.597099,-0.26,0.65,0.47,-0.26,0.65,0.47,-0.3656473452564968,0.58067548456531,0.45699999999999996,58.0,4D18,-0.68,-0.2,0.54,-6.303999999999999,-3.3160000000000003,-0.716,-6.198352654743503,-3.2466754845653103,-0.729,52.0,4CAD,-3.122926218832172,-1.2286177008418921,-0.1036545454545455,55.0,2.2984426969863123,131.69106598998204,current_two_tags,two_tag_rotated_center_quality_weighted,two_listener_fused_center_position
1780349777.677183,-0.28,0.7,0.4,-0.28,0.7,0.4,-0.3851391934532504,0.6299072043644998,0.387,43.0,4D18,-0.68,-0.2,0.54,-6.303999999999999,-3.3160000000000003,-0.716,-6.198860806546749,-3.2459072043645,-0.729,52.0,4CAD,-3.5673868132517974,-1.491591208834532,-0.22386315789473687,47.5,2.3057323161754892,132.10873040377945,current_two_tags,two_tag_rotated_center_quality_weighted,two_listener_fused_center_position
1780349777.6808825,-0.28,0.7,0.4,-0.28,0.7,0.4,-0.38505863176437793,0.6297865120379506,0.387,43.0,4D18,-0.68,-0.21,0.56,-6.303999999999999,-3.326,-0.696,-6.198941368235621,-3.2557865120379508,-0.709,55.0,4CAD,-3.6479520042737494,-1.550892225963831,-0.22810204081632654,49.0,2.3068806849862566,132.1745270899609,current_two_tags,two_tag_rotated_center_quality_weighted,two_listener_fused_center_position
1780349777.7771325,-0.28,0.7,0.4,-0.28,0.7,0.4,-0.3864677547782066,0.6319421775804744,0.387,43.0,4D18,-0.61,0.01,0.5,-6.234,-3.1060000000000003,-0.756,-6.1275322452217935,-3.037942177580475,-0.769,43.0,4CAD,-3.2569999999999997,-1.203,-0.19100000000000003,43.0,2.2864993892454732,131.00676486300603,current_two_tags,two_tag_rotated_center_quality_weighted,two_listener_fused_center_position
1780349777.7820032,-0.3,0.74,0.38,-0.3,0.74,0.38,-0.4060376070909178,0.67127390682985,0.367,46.0,4D18,-0.61,0.01,0.5,-6.234,-3.1060000000000003,-0.756,-6.127962392909082,-3.03727390682985,-0.769,43.0,4CAD,-3.170563065407559,-1.1204963851630387,-0.18185393258426968,44.5,2.292788816880164,131.36712252202673,current_two_tags,two_tag_rotated_center_quality_weighted,two_listener_fused_center_position
1780349777.8772945,-0.31,0.78,0.34,-0.31,0.78,0.34,-0.41565763112940657,0.7106911622942481,0.327,43.0,4D18,-0.61,0.01,0.5,-6.234,-3.1060000000000003,-0.756,-6.128342368870594,-3.0366911622942485,-0.769,43.0,4CAD,-3.2720000000000002,-1.1630000000000003,-0.221,43.0,2.2982943074010076,131.6825638930204,current_two_tags,two_tag_rotated_center_quality_weighted,two_listener_fused_center_position
1780349777.8975327,-0.31,0.78,0.34,-0.31,0.78,0.34,-0.4152478473306512,0.7100704595162821,0.327,43.0,4D18,-0.64,-0.06,0.51,-6.263999999999999,-3.176,-0.746,-6.158752152669348,-3.1060704595162822,-0.759,52.0,4CAD,-3.5590607302528854,-1.378764569848911,-0.2674421052631579,47.5,2.304180365842363,132.0198101996774,current_two_tags,two_tag_rotated_center_quality_weighted,two_listener_fused_center_position
1780349777.9773803,-0.24,0.62,0.41,-0.24,0.62,0.41,-0.3469064208330073,0.5526333377353758,0.39699999999999996,59.0,4D18,-0.64,-0.06,0.51,-6.263999999999999,-3.176,-0.746,-6.157093579166992,-3.108633337735376,-0.759,52.0,4CAD,-3.0687959004128924,-1.1625546543770486,-0.14454954954954963,55.5,2.2800210257262368,130.63558197520226,current_two_tags,two_tag_rotated_center_quality_weighted,two_listener_fused_center_position
1780349777.9817536,-0.24,0.62,0.41,-0.24,0.62,0.41,-0.3481797573471849,0.5546977021820504,0.39699999999999996,59.0,4D18,-0.54,0.16,0.47,-6.164,-2.956,-0.786,-6.055820242652815,-2.89069770218205,-0.799,43.0,4CAD,-2.754341922721127,-0.897772909461639,-0.10719607843137256,51.0,2.260825919106215,129.5357833785714,current_two_tags,two_tag_rotated_center_quality_weighted,two_listener_fused_center_position
1780349778.0782552,-0.28,0.71,0.41,-0.28,0.71,0.41,-0.38724851091239126,0.6431792928271879,0.39699999999999996,49.0,4D18,-0.54,0.16,0.47,-6.164,-2.956,-0.786,-6.056751489087609,-2.8891792928271878,-0.799,43.0,4CAD,-3.037124902885591,-1.007814393946053,-0.162,46.0,2.2749223440884525,130.34344903627638,current_two_tags,two_tag_rotated_center_quality_weighted,two_listener_fused_center_position
1780349778.0815988,-0.28,0.71,0.41,-0.28,0.71,0.41,-0.38680045914332783,0.6424654760379969,0.39699999999999996,49.0,4D18,-0.58,0.08,0.48,-6.204,-3.036,-0.776,-6.097199540856672,-2.968465476037997,-0.789,51.0,4CAD,-3.2991039908171333,-1.1991093095207601,-0.20786000000000004,50.0,2.281591978078126,130.72559091478166,current_two_tags,two_tag_rotated_center_quality_weighted,two_listener_fused_center_position
1780349778.1783786,-0.22,0.57,0.46,-0.22,0.57,0.46,-0.3282294885225712,0.5047801578187847,0.447,58.0,4D18,-0.58,0.08,0.48,-6.204,-3.036,-0.776,-6.095770511477428,-2.9707801578187847,-0.789,51.0,4CAD,-3.0268037286207155,-1.1213994394061335,-0.13131192660550464,54.5,2.260063884818698,129.4921220300524,current_two_tags,two_tag_rotated_center_quality_weighted,two_listener_fused_center_position
1780349778.1948495,-0.22,0.57,0.46,-0.22,0.57,0.46,-0.3275763389586527,0.5037083617923567,0.447,58.0,4D18,-0.61,-0.02,0.53,-6.234,-3.136,-0.726,-6.126423661041347,-3.069708361792357,-0.739,57.0,4CAD,-3.2017876203387705,-1.2674634055496317,-0.14084347826086954,57.5,2.269996769641844,130.06123440880822,current_two_tags,two_tag_rotated_center_quality_weighted,two_listener_fused_center_position
1780349778.277814,-0.16,0.45,0.51,-0.16,0.45,0.51,-0.2688129970631101,0.38575841167792013,0.497,62.0,4D18,-0.61,-0.02,0.53,-6.234,-3.136,-0.726,-6.12518700293689,-3.07175841167792,-0.739,57.0,4CAD,-3.0739669326497103,-1.2703630919463058,-0.09503361344537813,59.5,2.2510495461539337,128.97563846945982,current_two_tags,two_tag_rotated_center_quality_weighted,two_listener_fused_center_position
1780349778.281011,-0.16,0.45,0.51,-0.16,0.45,0.51,-0.26856075972949556,0.3853330730051695,0.497,62.0,4D18,-0.64,-0.07,0.56,-6.263999999999999,-3.186,-0.696,-6.155439240270503,-3.1213330730051694,-0.709,56.0,4CAD,-3.0623335979523465,-1.2788474708641437,-0.07533898305084748,59.0,2.25496297283608,129.1998613017807,current_two_tags,two_tag_rotated_center_quality_weighted,two_listener_fused_center_position
1780349778.377846,-0.13,0.38,0.53,-0.13,0.38,0.53,-0.23924265731384586,0.31649179719902604,0.517,59.0,4D18,-0.64,-0.07,0.56,-6.263999999999999,-3.186,-0.696,-6.154757342686153,-3.122491797199026,-0.709,56.0,4CAD,-3.1198411127994916,-1.3581436922469823,-0.08000869565217394,57.5,2.2443229812507863,128.59023468988863,current_two_tags,two_tag_rotated_center_quality_weighted,two_listener_fused_center_position
1780349778.383372,-0.13,0.38,0.53,-0.13,0.38,0.53,-0.2390102781330429,0.3160937463047893,0.517,59.0,4D18,-0.64,-0.1,0.54,-6.263999999999999,-3.216,-0.716,-6.154989721866956,-3.1520937463047893,-0.729,49.0,4CAD,-2.923112062790096,-1.257435764231038,-0.04831481481481482,54.0,2.247970588116476,128.7992271686156,current_two_tags,two_tag_rotated_center_quality_weighted,two_listener_fused_center_position
1780349778.4819083,-0.11,0.33,0.54,-0.11,0.33,0.54,-0.21948633289119407,0.26691281500939645,0.527,57.0,4D18,-0.64,-0.1,0.54,-6.263999999999999,-3.216,-0.716,-6.154513667108805,-3.1529128150093966,-0.729,49.0,4CAD,-2.9630367043691463,-1.3139499762257059,-0.05360377358490564,53.0,2.2404733105690915,128.3696648073123,current_two_tags,two_tag_rotated_center_quality_weighted,two_listener_fused_center_position
1780349778.5576267,-0.11,0.33,0.54,-0.11,0.33,0.54,-0.2207561998615567,0.26916979210764685,0.527,57.0,4D18,-0.56,0.11,0.5,-6.183999999999999,-3.0060000000000002,-0.756,-6.073243800138442,-2.945169792107647,-0.769,45.0,4CAD,-2.8027360235131242,-1.1489212009285121,-0.04476470588235297,51.0,2.2199786488937967,127.19540719076937,current_two_tags,two_tag_rotated_center_quality_weighted,two_listener_fused_center_position
1780349778.5786753,-0.08,0.28,0.57,-0.08,0.28,0.57,-0.1912635756518519,0.22010286540105092,0.5569999999999999,61.0,4D18,-0.56,0.11,0.5,-6.183999999999999,-3.0060000000000002,-0.756,-6.072736424348148,-2.946102865401051,-0.769,45.0,4CAD,-2.688115256702166,-1.1240410769205962,-0.0059245283018868515,53.0,2.2115733814090794,126.71382083821653,current_two_tags,two_tag_rotated_center_quality_weighted,two_listener_fused_center_position
1780349778.5847504,-0.08,0.28,0.57,-0.08,0.28,0.57,-0.19082041691680562,0.2192868614352266,0.5569999999999999,61.0,4D18,-0.6,0.03,0.51,-6.223999999999999,-3.0860000000000003,-0.746,-6.113179583083194,-3.025286861435227,-0.759,52.0,4CAD,-2.916153838515498,-1.2737913119210884,-0.04859292035398237,56.5,2.2189219551109547,127.13486309677481,current_two_tags,two_tag_rotated_center_quality_weighted,two_listener_fused_center_position
1780349778.6883376,-0.15,0.43,0.49,-0.15,0.43,0.49,-0.2593607453069839,0.36669536047096546,0.477,44.0,4D18,-0.6,0.03,0.51,-6.223999999999999,-3.0860000000000003,-0.746,-6.1146392546930155,-3.0226953604709657,-0.759,52.0,4CAD,-3.430969937891085,-1.4692246133725808,-0.19250000000000006,48.0,2.2424605837705984,128.48352717449808,current_two_tags,two_tag_rotated_center_quality_weighted,two_listener_fused_center_position
1780349778.7635822,-0.15,0.43,0.49,-0.15,0.43,0.49,-0.25906138966158865,0.36618101156330407,0.477,44.0,4D18,-0.62,-0.02,0.51,-6.244,-3.136,-0.746,-6.134938610338411,-3.072181011563304,-0.759,51.0,4CAD,-3.4134796870775674,-1.479676495588875,-0.18653684210526317,47.5,2.2471702525686332,128.75337131952992,current_two_tags,two_tag_rotated_center_quality_weighted,two_listener_fused_center_position
1780349778.7784963,-0.19,0.53,0.49,-0.19,0.53,0.49,-0.29808860632297807,0.46454693908489636,0.477,52.0,4D18,-0.62,-0.02,0.51,-6.244,-3.136,-0.746,-6.135911393677022,-3.0705469390848963,-0.759,51.0,4CAD,-3.18866105443032,-1.285839350105972,-0.13499999999999998,51.5,2.2622201412677345,129.61566642413007,current_two_tags,two_tag_rotated_center_quality_weighted,two_listener_fused_center_position
1780349778.7854695,-0.19,0.53,0.49,-0.19,0.53,0.49,-0.29786855024895054,0.4641849115537354,0.477,52.0,4D18,-0.64,-0.06,0.49,-6.263999999999999,-3.176,-0.766,-6.156131449751049,-3.1101849115537354,-0.779,48.0,4CAD,-3.1098347420099577,-1.2515126035378505,-0.12587999999999996,50.0,2.2655729099166333,129.80776591739573,current_two_tags,two_tag_rotated_center_quality_weighted,two_listener_fused_center_position
1780349778.892045,-0.23,0.62,0.49,-0.23,0.62,0.49,-0.3369567714884897,0.5527133071643509,0.477,53.0,4D18,-0.64,-0.06,0.49,-6.263999999999999,-3.176,-0.766,-6.15704322851151,-3.108713307164351,-0.779,48.0,4CAD,-3.1029384540340836,-1.1873706283582004,-0.1199108910891089,50.5,2.2792731698247164,130.59273298836118,current_two_tags,two_tag_rotated_center_quality_weighted,two_listener_fused_center_position
1780349778.9685876,-0.23,0.62,0.49,-0.23,0.62,0.49,-0.3368473980053188,0.5525397632712944,0.477,53.0,4D18,-0.65,-0.08,0.49,-6.274,-3.196,-0.766,-6.167152601994681,-3.1285397632712946,-0.779,51.0,4CAD,-3.1959393730385637,-1.2526050045524753,-0.13892307692307698,52.0,2.2808965605691927,130.68574642652027,current_two_tags,two_tag_rotated_center_quality_weighted,two_listener_fused_center_position
1780349778.9790761,-0.18,0.5,0.5,-0.18,0.5,0.5,-0.28804319117898336,0.4344719995737574,0.487,57.0,4D18,-0.65,-0.08,0.49,-6.274,-3.196,-0.766,-6.165956808821017,-3.1304719995737575,-0.779,51.0,4CAD,-3.063724621732166,-1.248973777801458,-0.11083333333333341,54.0,2.262913602470593,129.6553988243099,current_two_tags,two_tag_rotated_center_quality_weighted,two_listener_fused_center_position
1780349778.9859297,-0.18,0.5,0.5,-0.18,0.5,0.5,-0.28761931557153897,0.4337781537865825,0.487,57.0,4D18,-0.66,-0.14,0.53,-6.284,-3.2560000000000002,-0.726,-6.1763806844284606,-3.1897781537865826,-0.739,55.0,4CAD,-3.1794217734923484,-1.3456468186823827,-0.11505357142857149,56.0,2.2693481320851867,130.02407021437807,current_two_tags,two_tag_rotated_center_quality_weighted,two_listener_fused_center_position
1780349779.0948806,-0.18,0.5,0.5,-0.18,0.5,0.5,-0.2876496330729031,0.43382744904970544,0.487,57.0,4D18,-0.65,-0.13,0.48,-6.274,-3.246,-0.776,-6.166350366927097,-3.1798274490497054,-0.789,46.0,4CAD,-2.9130887957650673,-1.180037845247119,-0.082864077669903,51.5,2.268890144413749,129.99782945373568,current_two_tags,two_tag_rotated_center_quality_weighted,two_listener_fused_center_position
1780349779.1613412,-0.22,0.6,0.45,-0.22,0.6,0.45,-0.32665860246112477,0.532241660874548,0.437,46.0,4D18,-0.65,-0.13,0.48,-6.274,-3.246,-0.776,-6.167341397538875,-3.178241660874548,-0.789,46.0,4CAD,-3.247,-1.3229999999999997,-0.17600000000000005,46.0,2.2836890085789348,130.8457419119882,current_two_tags,two_tag_rotated_center_quality_weighted,two_listener_fused_center_position
1780349779.177457,-0.17,0.48,0.48,-0.17,0.48,0.48,-0.27785522573656146,0.4141630781300084,0.46699999999999997,58.0,4D18,-0.65,-0.13,0.48,-6.274,-3.246,-0.776,-6.166144774263438,-3.1801630781300085,-0.789,46.0,4CAD,-2.882290987584988,-1.1756350294465376,-0.08853846153846158,52.0,2.265775330104697,129.81936373986002,current_two_tags,two_tag_rotated_center_quality_weighted,two_listener_fused_center_position
1780349779.1841602,-0.17,0.48,0.48,-0.17,0.48,0.48,-0.27763740734407727,0.41380756432759713,0.46699999999999997,58.0,4D18,-0.67,-0.17,0.5,-6.294,-3.286,-0.756,-6.1863625926559225,-3.2198075643275974,-0.769,51.0,4CAD,-3.0422702922147575,-1.286324284859696,-0.11131192660550465,54.5,2.2690748719478653,130.00841356180038,current_two_tags,two_tag_rotated_center_quality_weighted,two_listener_fused_center_position
1780349779.286414,-0.17,0.48,0.48,-0.17,0.48,0.48,-0.2775289238559393,0.4136314793416064,0.46699999999999997,58.0,4D18,-0.68,-0.19,0.55,-6.303999999999999,-3.306,-0.706,-6.19647107614406,-3.2396314793416066,-0.719,57.0,4CAD,-3.2112654689030946,-1.397116248005725,-0.12084347826086955,57.5,2.2707116052202063,130.10219147049418,current_two_tags,two_tag_rotated_center_quality_weighted,two_listener_fused_center_position
1780349779.361082,-0.14,0.41,0.5,-0.14,0.41,0.5,-0.24821760623544964,0.3447604437425485,0.487,58.0,4D18,-0.68,-0.19,0.55,-6.303999999999999,-3.306,-0.706,-6.19578239376455,-3.2407604437425483,-0.719,57.0,4CAD,-3.1961410226629168,-1.4324107787500648,-0.11075652173913043,57.5,2.2602460455097786,129.5025590688445,current_two_tags,two_tag_rotated_center_quality_weighted,two_listener_fused_center_position
1780349779.3771126,-0.14,0.41,0.5,-0.14,0.41,0.5,-0.24956154770024436,0.34704352880340983,0.487,58.0,4D18,-0.6,0.03,0.5,-6.223999999999999,-3.0860000000000003,-0.756,-6.114438452299755,-3.0230435288034103,-0.769,44.0,4CAD,-2.7795084477235625,-1.106719515654434,-0.054803921568627456,51.0,2.2392798383643386,128.30128388701377,current_two_tags,two_tag_rotated_center_quality_weighted,two_listener_fused_center_position
1780349779.384745,-0.18,0.5,0.47,-0.18,0.5,0.47,-0.28867332175175625,0.4355224136661486,0.45699999999999996,49.0,4D18,-0.6,0.03,0.5,-6.223999999999999,-3.0860000000000003,-0.756,-6.115326678248243,-3.021522413666149,-0.769,44.0,4CAD,-3.0453695334275137,-1.200068687437304,-0.12304301075268818,46.5,2.25321977847411,129.09998362196882,current_two_tags,two_tag_rotated_center_quality_weighted,two_listener_fused_center_position
1780349779.4916754,-0.22,0.58,0.43,-0.22,0.58,0.43,-0.32784690167784813,0.5141494434458709,0.417,45.0,4D18,-0.6,0.03,0.5,-6.223999999999999,-3.0860000000000003,-0.756,-6.116153098322151,-3.020149443445871,-0.769,44.0,4CAD,-3.1894814258615485,-1.2331443882758892,-0.1693370786516854,44.5,2.2659017515200337,129.8266071533989,current_two_tags,two_tag_rotated_center_quality_weighted,two_listener_fused_center_position
1780349779.5393956,-0.22,0.58,0.43,-0.22,0.58,0.43,-0.32727608519448753,0.5132235704357813,0.417,45.0,4D18,-0.63,-0.06,0.54,-6.254,-3.176,-0.716,-6.146723914805512,-3.1092235704357813,-0.729,56.0,4CAD,-3.5539006243847586,-1.4952619730177585,-0.21840594059405946,50.5,2.274509546593263,130.31979748200845,current_two_tags,two_tag_rotated_center_quality_weighted,two_listener_fused_center_position
1780349779.5775578,-0.17,0.47,0.47,-0.17,0.47,0.47,-0.2783887321176295,0.4050451483726369,0.45699999999999996,60.0,4D18,-0.63,-0.06,0.54,-6.254,-3.176,-0.716,-6.14561126788237,-3.111045148372637,-0.729,56.0,4CAD,-3.110840990762677,-1.2923777535043919,-0.1155517241379311,58.0,2.2576172723325945,129.35194146049466,current_two_tags,two_tag_rotated_center_quality_weighted,two_listener_fused_center_position
1780349779.5829806,-0.17,0.47,0.47,-0.17,0.47,0.47,-0.27812178255485676,0.40460175738477155,0.45699999999999996,60.0,4D18,-0.64,-0.1,0.55,-6.263999999999999,-3.216,-0.706,-6.155878217445142,-3.1506017573847718,-0.719,54.0,4CAD,-3.0623221990818337,-1.2794420127692225,-0.1000526315789474,57.0,2.261713058338139,129.58661271240112,current_two_tags,two_tag_rotated_center_quality_weighted,two_listener_fused_center_position
1780349779.6792407,-0.22,0.59,0.44,-0.22,0.59,0.44,-0.32692718608538907,0.52266630207793,0.427,46.0,4D18,-0.64,-0.1,0.55,-6.263999999999999,-3.216,-0.706,-6.157072813914611,-3.14866630207793,-0.719,54.0,4CAD,-3.4752058251131692,-1.4598533041662347,-0.19183999999999998,50.0,2.279712708032231,130.61791667258652,current_two_tags,two_tag_rotated_center_quality_weighted,two_listener_fused_center_position
1780349779.7090697,-0.22,0.59,0.44,-0.22,0.59,0.44,-0.32668773163548015,0.5222875349844966,0.427,46.0,4D18,-0.64,-0.13,0.55,-6.263999999999999,-3.246,-0.706,-6.157312268364519,-3.178287534984497,-0.719,52.0,4CAD,-3.420488506226399,-1.4412829103051734,-0.1810816326530612,49.0,2.283258965012113,130.82110223060258,current_two_tags,two_tag_rotated_center_quality_weighted,two_listener_fused_center_position
1780349779.7775164,-0.18,0.48,0.48,-0.18,0.48,0.48,-0.2877589487862701,0.4140056142048582,0.46699999999999997,59.0,4D18,-0.64,-0.13,0.55,-6.263999999999999,-3.246,-0.706,-6.156241051213729,-3.180005614204858,-0.719,52.0,4CAD,-3.03695777154508,-1.2696753216267207,-0.08860360360360366,55.5,2.2672359381329454,129.9030504154016,current_two_tags,two_tag_rotated_center_quality_weighted,two_listener_fused_center_position
1780349779.7822082,-0.18,0.48,0.48,-0.18,0.48,0.48,-0.28754060407396176,0.41365040711950524,0.46699999999999997,59.0,4D18,-0.66,-0.17,0.57,-6.284,-3.286,-0.686,-6.176459395926038,-3.2196504071195053,-0.6990000000000001,55.0,4CAD,-3.1286856352306653,-1.3392578804519473,-0.0955438596491229,57.0,2.2705355897889907,130.09210652915635,current_two_tags,two_tag_rotated_center_quality_weighted,two_listener_fused_center_position
1780349779.8787732,-0.14,0.4,0.5,-0.14,0.4,0.5,-0.2483572768236032,0.33499268841604796,0.487,57.0,4D18,-0.66,-0.17,0.57,-6.284,-3.286,-0.686,-6.175642723176397,-3.220992688416048,-0.6990000000000001,55.0,4CAD,-3.159077808514707,-1.411250130563999,-0.09541071428571439,56.0,2.2581013408127557,129.3796765414032,current_two_tags,two_tag_rotated_center_quality_weighted,two_listener_fused_center_position
1780349779.884022,-0.14,0.4,0.5,-0.14,0.4,0.5,-0.2483572768236032,0.33499268841604796,0.487,57.0,4D18,-0.66,-0.17,0.52,-6.284,-3.286,-0.736,-6.175642723176397,-3.220992688416048,-0.749,47.0,4CAD,-2.927034353540731,-1.2720391645753797,-0.07157692307692308,52.0,2.2581013408127557,129.3796765414032,current_two_tags,two_tag_rotated_center_quality_weighted,two_listener_fused_center_position
1780349779.9820426,-0.18,0.5,0.47,-0.18,0.5,0.47,-0.287383073396159,0.4333957542795121,0.45699999999999996,49.0,4D18,-0.66,-0.17,0.52,-6.284,-3.286,-0.736,-6.176616926603841,-3.219395754279512,-0.749,47.0,4CAD,-3.1706538140290865,-1.3549500884525103,-0.13343749999999996,48.0,2.2729052935259064,130.227880551978,current_two_tags,two_tag_rotated_center_quality_weighted,two_listener_fused_center_position
1780349780.023057,-0.18,0.5,0.47,-0.18,0.5,0.47,-0.28751049512154014,0.43360163075254565,0.45699999999999996,49.0,4D18,-0.67,-0.16,0.5,-6.294,-3.2760000000000002,-0.756,-6.18648950487846,-3.209601630752546,-0.769,49.0,4CAD,-3.2369999999999997,-1.3880000000000001,-0.156,49.0,2.2709892156137887,130.1180973743954,current_two_tags,two_tag_rotated_center_quality_weighted,two_listener_fused_center_position
1780349780.0773985,-0.21,0.59,0.42,-0.21,0.59,0.42,-0.3166511315271232,0.5222299022873342,0.407,44.0,4D18,-0.67,-0.16,0.5,-6.294,-3.2760000000000002,-0.756,-6.187348868472877,-3.2082299022873344,-0.769,49.0,4CAD,-3.409814455294241,-1.4432811775423302,-0.21261290322580645,46.5,2.283799257529904,130.8520587115745,current_two_tags,two_tag_rotated_center_quality_weighted,two_listener_fused_center_position
1780349780.0810566,-0.21,0.59,0.42,-0.21,0.59,0.42,-0.3165430046471349,0.5220600400297396,0.407,44.0,4D18,-0.68,-0.18,0.54,-6.303999999999999,-3.2960000000000003,-0.716,-6.197456995352864,-3.22806004002974,-0.729,56.0,4CAD,-3.6098548394423435,-1.5780072048035692,-0.22916000000000006,50.0,2.285392755594151,130.9433594253181,current_two_tags,two_tag_rotated_center_quality_weighted,two_listener_fused_center_position
1780349780.1772134,-0.17,0.48,0.47,-0.17,0.48,0.47,-0.27760725586472296,0.41375855915467985,0.45699999999999996,59.0,4D18,-0.68,-0.18,0.54,-6.303999999999999,-3.2960000000000003,-0.716,-6.196392744135276,-3.2297585591546802,-0.729,56.0,4CAD,-3.159798450152993,-1.3604758636742262,-0.12053043478260876,57.5,2.2695302158466646,130.03450284542862,current_two_tags,two_tag_rotated_center_quality_weighted,two_listener_fused_center_position
1780349780.1814492,-0.17,0.48,0.47,-0.17,0.48,0.47,-0.2773721535304049,0.4133781518851123,0.45699999999999996,59.0,4D18,-0.68,-0.21,0.57,-6.303999999999999,-3.326,-0.686,-6.196627846469594,-3.2593781518851124,-0.6990000000000001,56.0,4CAD,-3.1597923170486197,-1.3750944829943015,-0.10592173913043486,57.5,2.27306922336,130.23727303960783,current_two_tags,two_tag_rotated_center_quality_weighted,two_listener_fused_center_position
1780349780.2777715,-0.13,0.4,0.5,-0.13,0.4,0.5,-0.2381868236438289,0.33470940963768925,0.487,58.0,4D18,-0.68,-0.21,0.57,-6.303999999999999,-3.326,-0.686,-6.195813176356171,-3.2607094096376894,-0.6990000000000001,56.0,4CAD,-3.16474011971305,-1.431461238427409,-0.09559649122807024,57.0,2.260717700400962,129.52958290349602,current_two_tags,two_tag_rotated_center_quality_weighted,two_listener_fused_center_position
1780349780.326143,-0.13,0.4,0.5,-0.13,0.4,0.5,-0.23829521241642354,0.3348893482778609,0.487,58.0,4D18,-0.67,-0.19,0.55,-6.294,-3.306,-0.706,-6.1857047875835764,-3.240889348277861,-0.719,50.0,4CAD,-2.991725571290105,-1.3205637519794176,-0.07133333333333333,54.0,2.259055312130717,129.4343350716989,current_two_tags,two_tag_rotated_center_quality_weighted,two_listener_fused_center_position
1780349780.3771539,-0.13,0.4,0.5,-0.13,0.4,0.5,-0.2383261976270694,0.3349409121823776,0.487,58.0,4D18,-0.66,-0.18,0.53,-6.284,-3.2960000000000003,-0.726,-6.1756738023729305,-3.230940912182378,-0.739,50.0,4CAD,-2.987098236861264,-1.3159303028013054,-0.08059259259259259,54.0,2.258579238195712,129.40705804448697,current_two_tags,two_tag_rotated_center_quality_weighted,two_listener_fused_center_position
1780349780.3818114,-0.19,0.52,0.45,-0.19,0.52,0.45,-0.2970971058405778,0.4529368959816795,0.437,45.0,4D18,-0.66,-0.18,0.53,-6.284,-3.2960000000000003,-0.726,-6.176902894159422,-3.22893689598168,-0.739,50.0,4CAD,-3.3917317312715487,-1.4848914155779835,-0.18194736842105264,47.5,2.277184081425091,130.47303704003292,current_two_tags,two_tag_rotated_center_quality_weighted,two_listener_fused_center_position
1780349780.4777224,-0.23,0.6,0.39,-0.23,0.6,0.39,-0.3362595561649163,0.5316175700663175,0.377,43.0,4D18,-0.66,-0.18,0.53,-6.284,-3.2960000000000003,-0.726,-6.177740443835083,-3.2276175700663177,-0.739,50.0,4CAD,-3.476840678568232,-1.4894765912953143,-0.223,46.5,2.2895512518462082,131.18162370968196,current_two_tags,two_tag_rotated_center_quality_weighted,two_listener_fused_center_position
1780349780.490195,-0.23,0.6,0.39,-0.23,0.6,0.39,-0.3362311296098448,0.5315734181635795,0.377,43.0,4D18,-0.67,-0.19,0.54,-6.294,-3.306,-0.716,-6.187768870390155,-3.2375734181635796,-0.729,53.0,4CAD,-3.566767590665641,-1.5493097310587063,-0.23360416666666667,48.0,2.289966817375037,131.20543386059498,current_two_tags,two_tag_rotated_center_quality_weighted,two_listener_fused_center_position
1780349780.5775263,-0.18,0.49,0.42,-0.18,0.49,0.42,-0.2873531952923354,0.4233476072408071,0.407,56.0,4D18,-0.67,-0.19,0.54,-6.294,-3.306,-0.716,-6.186646804707665,-3.2393476072408074,-0.729,53.0,4CAD,-3.15581706042089,-1.3575959374153908,-0.1453669724770642,54.5,2.2733537230175074,130.25357366925593,current_two_tags,two_tag_rotated_center_quality_weighted,two_listener_fused_center_position
1780349780.5809555,-0.18,0.49,0.42,-0.18,0.49,0.42,-0.28867332175175625,0.42552241366614857,0.407,56.0,4D18,-0.6,0.02,0.48,-6.223999999999999,-3.096,-0.776,-6.115326678248243,-3.0315224136661487,-0.789,43.0,4CAD,-2.81944195134114,-1.0760223093165664,-0.11247474747474748,49.5,2.25321977847411,129.09998362196882,current_two_tags,two_tag_rotated_center_quality_weighted,two_listener_fused_center_position
1780349780.6774867,-0.22,0.61,0.37,-0.22,0.61,0.37,-0.3275270185995972,0.5436283925832599,0.357,42.0,4D18,-0.6,0.02,0.48,-6.223999999999999,-3.096,-0.776,-6.116472981400402,-3.02962839258326,-0.789,43.0,4CAD,-3.256052623310592,-1.2640191575598032,-0.22274117647058828,42.5,2.2707403117819602,130.103836235327,current_two_tags,two_tag_rotated_center_quality_weighted,two_listener_fused_center_position
1780349780.6809316,-0.22,0.61,0.37,-0.22,0.61,0.37,-0.32719630654608023,0.5430955766568548,0.357,42.0,4D18,-0.63,-0.04,0.49,-6.254,-3.156,-0.766,-6.146803693453919,-3.089095576656855,-0.779,51.0,4CAD,-3.518593905818121,-1.4487511848377606,-0.26596774193548395,46.5,2.275703115263737,130.38818392938563,current_two_tags,two_tag_rotated_center_quality_weighted,two_listener_fused_center_position
1780349780.7790096,-0.17,0.51,0.42,-0.17,0.51,0.42,-0.27823153865321665,0.44478356004229247,0.407,57.0,4D18,-0.63,-0.04,0.49,-6.254,-3.156,-0.766,-6.145768461346783,-3.0907835600422926,-0.779,51.0,4CAD,-3.049012863258512,-1.2247898022198724,-0.1530555555555556,54.0,2.2600324498435267,129.490320938646,current_two_tags,two_tag_rotated_center_quality_weighted,two_listener_fused_center_position
1780349780.812932,-0.17,0.51,0.42,-0.17,0.51,0.42,-0.27785522573656146,0.44416307813000844,0.407,57.0,4D18,-0.65,-0.1,0.53,-6.274,-3.216,-0.726,-6.166144774263438,-3.1501630781300087,-0.739,55.0,4CAD,-3.169425986173867,-1.3209078021762501,-0.15576785714285718,56.0,2.265775330104697,129.81936373986002,current_two_tags,two_tag_rotated_center_quality_weighted,two_listener_fused_center_position
1780349780.877113,-0.17,0.51,0.42,-0.17,0.51,0.42,-0.27743186270801046,0.44347447952035857,0.407,57.0,4D18,-0.66,-0.16,0.58,-6.284,-3.2760000000000002,-0.676,-6.176568137291989,-3.2094744795203587,-0.6890000000000001,59.0,4CAD,-3.2778546230567582,-1.4144909393020753,-0.15044827586206902,58.0,2.27217233483365,130.18588511235427,current_two_tags,two_tag_rotated_center_quality_weighted,two_listener_fused_center_position
1780349780.8832738,-0.15,0.42,0.46,-0.15,0.42,0.46,-0.2582325386411056,0.35478521962544396,0.447,58.0,4D18,-0.66,-0.16,0.58,-6.284,-3.2760000000000002,-0.676,-6.175767461358894,-3.210785219625444,-0.6890000000000001,59.0,4CAD,-3.242288610780845,-1.4432374805096193,-0.1258547008547009,58.5,2.2600171162771243,129.48944239000625,current_two_tags,two_tag_rotated_center_quality_weighted,two_listener_fused_center_position
1780349780.9786112,-0.19,0.54,0.4,-0.19,0.54,0.4,-0.2970971058405778,0.47293689598167954,0.387,44.0,4D18,-0.66,-0.16,0.58,-6.284,-3.2760000000000002,-0.676,-6.176902894159422,-3.20893689598168,-0.6890000000000001,59.0,4CAD,-3.6651411981785564,-1.6360976062109243,-0.22934951456310682,51.5,2.277184081425091,130.47303704003292,current_two_tags,two_tag_rotated_center_quality_weighted,two_listener_fused_center_position
1780349780.9823406,-0.19,0.54,0.4,-0.19,0.54,0.4,-0.29701803905762486,0.47281079464481907,0.387,44.0,4D18,-0.66,-0.17,0.58,-6.284,-3.286,-0.676,-6.176981960942375,-3.2188107946448192,-0.6890000000000001,54.0,4CAD,-3.5369981592798347,-1.5613480402698798,-0.2058979591836735,49.0,2.278361964683568,130.54052477950276,current_two_tags,two_tag_rotated_center_quality_weighted,two_listener_fused_center_position
1780349781.0802536,-0.23,0.62,0.43,-0.23,0.62,0.43,-0.3361796693675854,0.5514935929055519,0.417,53.0,4D18,-0.66,-0.17,0.58,-6.284,-3.286,-0.676,-6.177820330632414,-3.217493592905552,-0.6890000000000001,54.0,4CAD,-3.2842973862675926,-1.350612089653323,-0.14116822429906545,53.5,2.2907184293896234,131.2484980568621,current_two_tags,two_tag_rotated_center_quality_weighted,two_listener_fused_center_position
1780349781.1167324,-0.23,0.62,0.43,-0.23,0.62,0.43,-0.3360715783301401,0.5513263495177885,0.417,53.0,4D18,-0.67,-0.19,0.6,-6.294,-3.306,-0.656,-6.187928421669859,-3.2373263495177884,-0.669,55.0,4CAD,-3.316183859660553,-1.378080117583663,-0.1360555555555556,54.0,2.2922943292249895,131.33879046636395,current_two_tags,two_tag_rotated_center_quality_weighted,two_listener_fused_center_position
1780349781.177134,-0.27,0.7,0.48,-0.27,0.7,0.48,-0.3752197397123911,0.6300281744210094,0.46699999999999997,56.0,4D18,-0.67,-0.19,0.6,-6.294,-3.306,-0.656,-6.188780260287609,-3.2360281744210093,-0.669,55.0,4CAD,-3.2558127904478593,-1.2855853317619728,-0.0958828828828829,55.5,2.3045821863345135,132.04283281799948,current_two_tags,two_tag_rotated_center_quality_weighted,two_listener_fused_center_position
1780349781.1811638,-0.27,0.7,0.48,-0.27,0.7,0.48,-0.3752197397123911,0.6300281744210094,0.46699999999999997,56.0,4D18,-0.67,-0.19,0.56,-6.294,-3.306,-0.696,-6.188780260287609,-3.2360281744210093,-0.709,49.0,4CAD,-3.088214649314159,-1.174131455038599,-0.08179999999999997,52.5,2.3045821863345135,132.04283281799948,current_two_tags,two_tag_rotated_center_quality_weighted,two_listener_fused_center_position
1780349781.2781808,-0.22,0.56,0.51,-0.22,0.56,0.51,-0.32660062057903905,0.4921504775833776,0.497,59.0,4D18,-0.67,-0.19,0.56,-6.294,-3.306,-0.696,-6.1873993794209605,-3.2381504775833774,-0.709,49.0,4CAD,-2.985666724127688,-1.2003008817052427,-0.05016666666666667,54.0,2.2845441489504887,130.8947378461695,current_two_tags,two_tag_rotated_center_quality_weighted,two_listener_fused_center_position
1780349781.2820432,-0.22,0.56,0.51,-0.22,0.56,0.51,-0.3264923751866584,0.491980708419567,0.497,59.0,4D18,-0.68,-0.21,0.58,-6.303999999999999,-3.326,-0.676,-6.1975076248133405,-3.257980708419567,-0.6890000000000001,55.0,4CAD,-3.1589997324626893,-1.3172112032133485,-0.07519298245614041,57.0,2.286137529598991,130.9860318324865,current_two_tags,two_tag_rotated_center_quality_weighted,two_listener_fused_center_position
1780349781.3785353,-0.22,0.63,0.49,-0.22,0.63,0.49,-0.325935923437668,0.5611172726628181,0.477,51.0,4D18,-0.68,-0.21,0.58,-6.303999999999999,-3.326,-0.676,-6.198064076562331,-3.257117272662818,-0.6890000000000001,55.0,4CAD,-3.3727948708136726,-1.420042161232559,-0.12800000000000006,53.0,2.2942666819525885,131.45179795336648,current_two_tags,two_tag_rotated_center_quality_weighted,two_listener_fused_center_position
1780349781.4118922,-0.22,0.63,0.49,-0.22,0.63,0.49,-0.3273668505763907,0.5633696060546916,0.477,51.0,4D18,-0.6,0.02,0.51,-6.223999999999999,-3.096,-0.746,-6.116633149423609,-3.0293696060546917,-0.759,43.0,4CAD,-2.975648242602246,-1.0801174803357712,-0.08840425531914894,47.0,2.2731488160772315,130.24183336638518,current_two_tags,two_tag_rotated_center_quality_weighted,two_listener_fused_center_position
1780349781.4785922,-0.27,0.7,0.45,-0.27,0.7,0.45,-0.3765488883471343,0.6320692676913466,0.437,46.0,4D18,-0.6,0.02,0.51,-6.223999999999999,-3.096,-0.746,-6.117451111652865,-3.0280692676913468,-0.759,43.0,4CAD,-3.150243220955521,-1.1363122718755725,-0.14084269662921348,44.5,2.2853061482486385,130.93839718994542,current_two_tags,two_tag_rotated_center_quality_weighted,two_listener_fused_center_position
1780349781.482979,-0.27,0.7,0.45,-0.27,0.7,0.45,-0.37627643049601106,0.6316437982255704,0.437,46.0,4D18,-0.61,-0.02,0.47,-6.234,-3.136,-0.786,-6.127723569503989,-3.0676437982255704,-0.799,45.0,4CAD,-3.220398642093363,-1.1976742439755435,-0.17420879120879124,45.5,2.2893044403811778,131.16748245440027,current_two_tags,two_tag_rotated_center_quality_weighted,two_listener_fused_center_position
1780349781.577762,-0.27,0.7,0.45,-0.27,0.7,0.45,-0.37746260479837945,0.633524150475926,0.437,46.0,4D18,-0.54,0.17,0.45,-6.164,-2.946,-0.806,-6.05653739520162,-2.8795241504759264,-0.8190000000000001,46.0,4CAD,-3.2169999999999996,-1.123,-0.191,46.0,2.2717100525305334,130.15939828744212,current_two_tags,two_tag_rotated_center_quality_weighted,two_listener_fused_center_position
1780349781.582799,-0.28,0.72,0.42,-0.28,0.72,0.42,-0.38724851091239126,0.6531792928271879,0.407,47.0,4D18,-0.54,0.17,0.45,-6.164,-2.946,-0.806,-6.056751489087609,-2.879179292827188,-0.8190000000000001,46.0,4CAD,-3.191518801192607,-1.09400882480831,-0.19940860215053768,46.5,2.2749223440884525,130.34344903627638,current_two_tags,two_tag_rotated_center_quality_weighted,two_listener_fused_center_position
1780349781.6781716,-0.29,0.76,0.36,-0.29,0.76,0.36,-0.39686929727279885,0.6925744610669062,0.347,42.0,4D18,-0.54,0.17,0.45,-6.164,-2.946,-0.806,-6.057130702727201,-2.8785744610669064,-0.8190000000000001,46.0,4CAD,-3.355642304669418,-1.1741624755030413,-0.26250000000000007,44.0,2.280571852242014,130.6671420098002,current_two_tags,two_tag_rotated_center_quality_weighted,two_listener_fused_center_position
1780349781.7086377,-0.29,0.76,0.36,-0.29,0.76,0.36,-0.3962879652190737,0.6916617350996606,0.347,42.0,4D18,-0.57,0.08,0.48,-6.194,-3.036,-0.776,-6.087712034780926,-2.967661735099661,-0.789,53.0,4CAD,-3.5715034987641077,-1.3498555693273295,-0.2867684210526317,47.5,2.289135673885855,131.15781284649506,current_two_tags,two_tag_rotated_center_quality_weighted,two_listener_fused_center_position
1780349781.7777417,-0.32,0.82,0.38,-0.32,0.82,0.38,-0.42563454181256327,0.7506559766378542,0.367,49.0,4D18,-0.57,0.08,0.48,-6.194,-3.036,-0.776,-6.088365458187437,-2.9666559766378544,-0.789,53.0,4CAD,-3.3680339395367622,-1.180888469672073,-0.23366666666666672,51.0,2.2986273595494024,131.70164637548118,current_two_tags,two_tag_rotated_center_quality_weighted,two_listener_fused_center_position
1780349781.78094,-0.32,0.82,0.38,-0.32,0.82,0.38,-0.4250019535987951,0.7497017799625304,0.367,49.0,4D18,-0.59,-0.01,0.52,-6.2139999999999995,-3.126,-0.736,-6.108998046401204,-3.0557017799625306,-0.749,56.0,4CAD,-3.456466536426747,-1.2798467853308357,-0.22820000000000004,52.5,2.3076874243436487,132.22074985030653,current_two_tags,two_tag_rotated_center_quality_weighted,two_listener_fused_center_position
1780349781.8776836,-0.34,0.84,0.35,-0.34,0.84,0.35,-0.4447259499712486,0.7692912636047033,0.33699999999999997,44.0,4D18,-0.59,-0.01,0.52,-6.2139999999999995,-3.126,-0.736,-6.109274050028751,-3.0552912636047034,-0.749,56.0,4CAD,-3.61687288600345,-1.3724749516325645,-0.27116000000000007,50.0,2.311602171275908,132.4450483273868,current_two_tags,two_tag_rotated_center_quality_weighted,two_listener_fused_center_position
1780349781.8827987,-0.34,0.84,0.35,-0.34,0.84,0.35,-0.4458643327541451,0.7710072971212198,0.33699999999999997,44.0,4D18,-0.51,0.18,0.47,-6.1339999999999995,-2.936,-0.786,-6.028135667245854,-2.8670072971212197,-0.799,42.0,4CAD,-3.1720898682035843,-1.005697504718111,-0.2177906976744186,43.0,2.2953051654151873,131.51129867286753,current_two_tags,two_tag_rotated_center_quality_weighted,two_listener_fused_center_position
1780349781.9788427,-0.34,0.85,0.32,-0.34,0.85,0.32,-0.44578074282594926,0.7808792039456258,0.307,44.0,4D18,-0.51,0.18,0.47,-6.1339999999999995,-2.936,-0.786,-6.02821925717405,-2.8668792039456257,-0.799,42.0,4CAD,-3.1720879242517657,-1.000584204559404,-0.2331395348837209,43.0,2.296515617957991,131.58065249487103,current_two_tags,two_tag_rotated_center_quality_weighted,two_listener_fused_center_position
1780349781.9890058,-0.34,0.85,0.32,-0.34,0.85,0.32,-0.44525008193426835,0.7800738228355804,0.307,44.0,4D18,-0.55,0.09,0.45,-6.1739999999999995,-3.0260000000000002,-0.806,-6.068749918065731,-2.9560738228355805,-0.8190000000000001,48.0,4CAD,-3.3792499964376406,-1.1692206009928514,-0.2804782608695653,46.0,2.3041484100002347,132.01797926479267,current_two_tags,two_tag_rotated_center_quality_weighted,two_listener_fused_center_position
1780349782.0780962,-0.33,0.85,0.3,-0.33,0.85,0.3,-0.4353052301142181,0.7801569007661345,0.287,43.0,4D18,-0.55,0.09,0.45,-6.1739999999999995,-3.0260000000000002,-0.806,-6.068694769885782,-2.956156900766135,-0.8190000000000001,48.0,4CAD,-3.406763448894823,-1.1906459835585792,-0.2963846153846154,45.5,2.303359278389783,131.9727653540334,current_two_tags,two_tag_rotated_center_quality_weighted,two_listener_fused_center_position
1780349782.0810153,-0.33,0.85,0.3,-0.33,0.85,0.3,-0.4348642055946359,0.7794964654431713,0.287,43.0,4D18,-0.59,0.01,0.41,-6.2139999999999995,-3.1060000000000003,-0.8460000000000001,-6.109135794405364,-3.0354964654431718,-0.8590000000000001,43.0,4CAD,-3.2719999999999994,-1.1280000000000001,-0.28600000000000003,43.0,2.309644047123105,132.33285607766854,current_two_tags,two_tag_rotated_center_quality_weighted,two_listener_fused_center_position
1780349782.1770265,-0.33,0.85,0.3,-0.33,0.85,0.3,-0.4359478992927488,0.7811356940392662,0.287,43.0,4D18,-0.5,0.2,0.38,-6.124,-2.916,-0.876,-6.0180521007072505,-2.8471356940392663,-0.889,41.0,4CAD,-3.160546378554588,-0.9898062929990652,-0.287,42.0,2.2940928000944623,131.44183525676195,current_two_tags,two_tag_rotated_center_quality_weighted,two_listener_fused_center_position
1780349782.1828747,-0.35,0.87,0.29,-0.35,0.87,0.29,-0.4556710892070025,0.8007116827610475,0.27699999999999997,44.0,4D18,-0.5,0.2,0.38,-6.124,-2.916,-0.876,-6.018328910792997,-2.8467116827610472,-0.889,41.0,4CAD,-3.138835450207306,-0.9586337053143158,-0.2854235294117647,42.5,2.29810010316126,131.67143680971927,current_two_tags,two_tag_rotated_center_quality_weighted,two_listener_fused_center_position
